time_s,v_m_s,omega_rad_s,clearance_m
0.000000000000000000e+00,1.000000000000000000e+00,-9.673733973499558658e-01,1.945507645834372079e+00
1.000000000000000056e-01,9.999999999998038236e-01,-7.944488758523614580e-01,1.860928828089490672e+00
2.000000000000000111e-01,9.999999999999740208e-01,-8.190205918854013278e-01,1.782752727603452048e+00
3.000000000000000444e-01,1.000000000000000000e+00,-7.992384871050394191e-01,1.712559816768282728e+00
4.000000000000000222e-01,9.999999999999997780e-01,-7.059314238886215120e-01,1.651706441815905757e+00
5.000000000000000000e-01,9.999999999999997780e-01,-1.838616617710028267e-01,1.600847921400526674e+00
6.000000000000000888e-01,1.000000000000000000e+00,6.633024580138739967e-01,1.556427490273735392e+00
7.000000000000000666e-01,1.000000000000000000e+00,1.000000000000000000e+00,1.511213370671896206e+00
8.000000000000000444e-01,2.349577281053878419e-01,1.000000000000000000e+00,1.499271499248896244e+00
9.000000000000000222e-01,9.999999879071261866e-01,4.985203321235786578e-01,1.442922393607548814e+00
1.000000000000000000e+00,9.999999993489233630e-01,-1.080984336497111883e-02,1.387199880115898232e+00
1.100000000000000089e+00,9.999999955656774242e-01,-3.345938568507439426e-02,1.336740791196247669e+00
1.200000000000000178e+00,1.000000000000000000e+00,-1.760088899191658909e-02,1.292368150370598379e+00
1.300000000000000044e+00,1.000000000000000000e+00,-8.276717451423835220e-03,1.254579407715657124e+00
1.400000000000000133e+00,9.999999953639630013e-01,2.427794942867754404e-03,1.223894847058617286e+00
1.500000000000000000e+00,9.999999892477869912e-01,1.047351990515385176e-03,1.200754130622355476e+00
1.600000000000000089e+00,9.999999967404332724e-01,1.439095755750408566e-02,1.185612788005212526e+00
1.700000000000000178e+00,9.999999892216919761e-01,1.878519994601841533e-02,1.178645726097109936e+00
1.800000000000000044e+00,9.999999968790171945e-01,2.059059479747812199e-02,1.179953884089880223e+00
1.900000000000000133e+00,1.000000000000000000e+00,3.290605888454832539e-02,1.189109259379769856e+00
2.000000000000000000e+00,1.000000000000000000e+00,3.057795735238616475e-02,1.199968309119587184e+00
2.100000000000000089e+00,1.000000000000000000e+00,3.085430736986416109e-02,1.210523337199772564e+00
2.200000000000000178e+00,9.999999980147090684e-01,3.014046562725352166e-02,1.220771495963172804e+00
2.300000000000000266e+00,9.999999988056351707e-01,2.922796109643508236e-02,1.230719790908387345e+00
2.400000000000000355e+00,1.000000000000000000e+00,2.683551193405026014e-02,1.240377214096925584e+00
2.500000000000000000e+00,9.999999999449824539e-01,3.098036317957901867e-02,1.249767502062100410e+00
2.600000000000000089e+00,1.000000000000000000e+00,3.351457641612005933e-02,1.258849310736197324e+00
2.700000000000000178e+00,1.000000000000000000e+00,3.808203964313712497e-02,1.267597308256620092e+00
2.800000000000000266e+00,9.999999997591598744e-01,3.531376418251803290e-02,1.275965882821490149e+00
2.900000000000000355e+00,9.999999998933793988e-01,4.634891691621476073e-02,1.283982507034254539e+00
3.000000000000000000e+00,1.000000000000000000e+00,4.903584238944097562e-02,1.291537049361970668e+00
3.100000000000000089e+00,9.999999999902472458e-01,5.464069307182639612e-02,1.298602545667531860e+00
3.200000000000000178e+00,1.000000000000000000e+00,6.704343237913386322e-02,1.305122897852846631e+00
3.300000000000000266e+00,1.000000000000000000e+00,8.463954224752584521e-02,1.310974100881112880e+00
3.400000000000000355e+00,1.000000000000000000e+00,9.145974082557346840e-02,1.315980159117137394e+00
3.500000000000000000e+00,1.000000000000000000e+00,1.141472093862518494e-01,1.320072570043435700e+00
3.600000000000000089e+00,1.000000000000000000e+00,1.506394986573070804e-01,1.323024223293348456e+00
3.700000000000000178e+00,1.000000000000000000e+00,2.252327280123528619e-01,1.324695358683060764e+00
3.800000000000000266e+00,1.000000000000000000e+00,2.452208600908166169e-01,1.329499605689646646e+00
3.900000000000000355e+00,1.000000000000000000e+00,3.485719428254064889e-01,1.339334876803446317e+00
4.000000000000000000e+00,1.000000000000000000e+00,4.137257784952500517e-01,1.353068835388989255e+00
4.100000000000000533e+00,9.999999999999941158e-01,5.279061297185695389e-01,1.369930501644835097e+00
4.200000000000000178e+00,1.000000000000000000e+00,5.375514588297689578e-01,1.388665931101492834e+00
4.299999999999999822e+00,9.999999999999849010e-01,7.020846994532087271e-01,1.409055623265686563e+00
4.400000000000000355e+00,1.000000000000000000e+00,7.364375059433897475e-01,1.429375946331892688e+00
4.500000000000000000e+00,9.999999999999995559e-01,6.039747123731959988e-01,1.449197720140430690e+00
4.600000000000000533e+00,9.999999999999997780e-01,1.772047063433477287e-01,1.469724445838892279e+00
4.700000000000000178e+00,1.000000000000000000e+00,1.000000000000000000e+00,1.494970165602769407e+00
4.800000000000000711e+00,1.000000000000000000e+00,1.000000000000000000e+00,1.516817467228369853e+00
4.900000000000000355e+00,9.999999766324639827e-01,9.999999898671189102e-01,1.535197315497096149e+00
5.000000000000000000e+00,9.999999796803903385e-01,9.999999954953587844e-01,1.550052262121415447e+00
5.100000000000000533e+00,9.999999851676947271e-01,9.999999981966639639e-01,1.561336271226575922e+00
5.200000000000000178e+00,9.999999894443487580e-01,1.000000000000000000e+00,1.569014598437139307e+00
5.300000000000000711e+00,9.999999991386949727e-01,1.000000000000000000e+00,1.573063708753653200e+00
5.400000000000000355e+00,1.000000000000000000e+00,9.999999977007378860e-01,1.573471225208075586e+00
5.500000000000000000e+00,1.000000000000000000e+00,9.999999979955602747e-01,1.570235903453079951e+00
5.600000000000000533e+00,9.999999874976431835e-01,1.000000000000000000e+00,1.563367629206086740e+00
5.700000000000000178e+00,9.999999945121434974e-01,1.000000000000000000e+00,1.552887438272090304e+00
5.800000000000000711e+00,1.000000000000000000e+00,9.999999999425567276e-01,1.538827562017848871e+00
5.900000000000000355e+00,1.000000000000000000e+00,6.602443001238016418e-01,1.521231501946389564e+00
6.000000000000000000e+00,9.999999958668988054e-01,1.931785597963689731e-03,1.503506655341122711e+00
6.100000000000000533e+00,1.000000000000000000e+00,-2.908548065763511339e-02,1.490143244610531159e+00
6.200000000000000178e+00,9.999999990640684455e-01,-2.928491997116921056e-02,1.477195009976753237e+00
6.300000000000000711e+00,1.000000000000000000e+00,-2.907460824485610246e-02,1.464537214353506034e+00
6.400000000000000355e+00,9.999999973385258478e-01,-3.518910914832709680e-02,1.452167879370745762e+00
6.500000000000000000e+00,1.000000000000000000e+00,-3.395528773542471485e-02,1.440147808957799480e+00
6.600000000000000533e+00,9.999999992039693142e-01,-3.057351477238403475e-02,1.428464898186736054e+00
6.700000000000000178e+00,1.000000000000000000e+00,-4.056642720452764694e-02,1.417085683019050801e+00
6.800000000000000711e+00,1.000000000000000000e+00,-3.675810718450273767e-02,1.406109589687363215e+00
6.900000000000000355e+00,9.999999999219348901e-01,-3.085150167874003979e-02,1.395498929838741464e+00
7.000000000000000000e+00,1.000000000000000000e+00,-3.503645331869439938e-02,1.385195093375165332e+00
7.100000000000000533e+00,1.000000000000000000e+00,-4.005526406246756599e-02,1.375239819117870521e+00
7.200000000000000178e+00,9.999999999991364685e-01,-3.371028294328934360e-02,1.365683186467037569e+00
7.300000000000000711e+00,1.000000000000000000e+00,-5.098224069698480132e-02,1.356462167412095798e+00
7.400000000000000355e+00,9.999999999954328755e-01,-2.918794753089767879e-02,1.347748916335258063e+00
7.500000000000000000e+00,9.999999999906382664e-01,-1.741816824283912157e-02,1.339326471340205327e+00
7.600000000000000533e+00,1.000000000000000000e+00,-3.876138343612227366e-02,1.331077601815387812e+00
7.700000000000000178e+00,1.000000000000000000e+00,-2.112490126752913575e-02,1.323215086137092822e+00
7.800000000000000711e+00,1.000000000000000000e+00,-9.443310446893341675e-03,1.315563182884501803e+00
7.900000000000000355e+00,1.000000000000000000e+00,2.039758816449278866e-02,1.308005439267772463e+00
8.000000000000000000e+00,9.999999999999188427e-01,6.002507425220705850e-02,1.300244319017027639e+00
8.099999999999999645e+00,9.999999999999328315e-01,1.219394657332124737e-01,1.291884901969285959e+00
8.200000000000001066e+00,1.000000000000000000e+00,2.427545629128796956e-01,1.282311009885523934e+00
8.300000000000000711e+00,9.999999999999861222e-01,2.037174355559771277e-01,1.270323781274204311e+00
8.400000000000000355e+00,9.999999999999875655e-01,5.281949567632289455e-03,1.258115542059931924e+00
8.500000000000000000e+00,9.999999999999952260e-01,-8.114455541156816443e-01,1.253333877416488606e+00
8.599999999999999645e+00,9.999999999999997780e-01,-1.000000000000000000e+00,1.264579292455945581e+00
8.700000000000001066e+00,9.999999999999976685e-01,-9.999999999999955591e-01,1.293152111589685349e+00
8.800000000000000711e+00,1.000000000000000000e+00,-1.000000000000000000e+00,1.337669761758718989e+00
8.900000000000000355e+00,4.396007542332186491e-01,-1.000000000000000000e+00,1.362800812126313543e+00
9.000000000000000000e+00,-8.425620242174308716e-02,-9.999999999999998890e-01,1.357248138439640872e+00
9.099999999999999645e+00,-9.195452070795842592e-02,-1.000000000000000000e+00,1.350557257870107941e+00
9.200000000000001066e+00,-7.950293936901892122e-02,-9.999999999999996669e-01,1.344276957682084328e+00
9.300000000000000711e+00,-3.798834198179552868e-02,-1.000000000000000000e+00,1.341063716899984826e+00
9.400000000000000355e+00,-5.005428741895821126e-02,-9.999999999999997780e-01,1.336588035491931059e+00
9.500000000000000000e+00,-1.840220213537329952e-01,-3.737620349555937360e-01,1.319414919536334052e+00
9.600000000000001421e+00,-8.155169164665283799e-02,-1.142427005933553952e-01,1.311709580257689689e+00
9.700000000000001066e+00,-2.528757071459220712e-02,-3.644208286721241363e-02,1.309312062551204692e+00
9.800000000000000711e+00,-6.734163293040995590e-03,-1.639858090545398550e-02,1.308672901825370660e+00
9.900000000000000355e+00,-4.343177602044784834e-03,-2.148223058191527438e-03,1.308260471506279110e+00
1.000000000000000000e+01,-2.169497704126561143e-04,-3.717946185072736401e-03,1.308239868758352742e+00
1.010000000000000142e+01,-1.072689923048045051e-03,-5.139947747105251541e-03,1.308137988231248494e+00
1.020000000000000107e+01,2.710445290903993297e-04,7.406340153259232534e-04,1.308163735415978080e+00
1.030000000000000071e+01,-4.092879492350336070e-04,1.038348036109187390e-03,1.308124857118107665e+00
1.040000000000000036e+01,7.252280316305320315e-05,6.672640530788346083e-04,1.308131745820961145e+00
1.050000000000000000e+01,1.194095185668006195e-04,2.611456212803925370e-04,1.308143087898325341e+00
1.060000000000000142e+01,2.891883497194071978e-05,7.684840059026670778e-05,1.308145834723191792e+00
1.070000000000000107e+01,7.777142548741301439e-06,3.144129757480778470e-05,1.308146573425065240e+00
1.080000000000000071e+01,-3.460417003786804557e-06,-2.964541168778804525e-05,1.308146244742145470e+00
1.090000000000000036e+01,-9.647672677508527944e-06,-3.256456283459805562e-05,1.308145328370461380e+00
1.100000000000000000e+01,1.228073494435812270e-05,3.855229270122856322e-05,1.308146494841414320e+00
1.110000000000000142e+01,1.085212794128386643e-05,-2.708179412388295182e-06,1.308147525616621287e+00
1.120000000000000107e+01,-3.064767062540391628e-05,2.863404054317952863e-05,1.308144614587598120e+00
1.130000000000000071e+01,1.947017164792043398e-05,-1.356599250550670488e-05,1.308146463934633852e+00
1.140000000000000036e+01,-1.588166364835863140e-05,9.098279781240455055e-05,1.308144955436318702e+00
1.150000000000000000e+01,2.439110540560754554e-05,-4.784709357834836252e-05,1.308147272185572474e+00
1.160000000000000142e+01,-1.709241731781660674e-05,7.596857358949365285e-05,1.308145648687664808e+00
1.170000000000000107e+01,1.040690096123435097e-05,-5.365373864402080833e-05,1.308146637169218973e+00
1.180000000000000071e+01,8.562994122058914179e-06,7.008643866480285256e-06,1.308147450511956578e+00
1.190000000000000036e+01,-6.538521195981715495e-08,-5.739927764154134637e-05,1.308147444301444695e+00
1.200000000000000000e+01,-3.352848012812053788e-05,-9.381986255160151833e-06,1.308144259645705132e+00
1.210000000000000142e+01,1.028547154903708231e-05,8.411728852460859107e-06,1.308145236597031635e+00
1.220000000000000107e+01,-7.600447835014482664e-06,-1.286893422053087682e-05,1.308144514679171477e+00
1.230000000000000071e+01,4.402438431972376109e-05,-5.159292446118689951e-05,1.308148696275841738e+00
1.240000000000000036e+01,-5.284251475824622117e-05,3.776905167992249124e-06,1.308143677092613144e+00
1.250000000000000000e+01,4.792192768089675869e-06,6.572973814669095388e-05,1.308144132273184157e+00
1.260000000000000142e+01,1.760641444088946461e-05,-1.278598990553207748e-05,1.308145804593461303e+00
1.270000000000000107e+01,-1.419175161992687444e-05,4.874180427948907740e-05,1.308144456609498629e+00
1.280000000000000071e+01,1.442164310564353000e-05,-2.879714062280561149e-05,1.308145826427190350e+00
1.290000000000000036e+01,-2.809127994527686571e-05,8.125520781024353489e-05,1.308143158217584645e+00
1.300000000000000000e+01,4.380332481597275750e-05,-1.180520431844165469e-05,1.308147318802178827e+00
1.310000000000000142e+01,3.537572549127971505e-06,2.902786873943546953e-07,1.308147654812706673e+00
1.320000000000000107e+01,3.221125857045788535e-06,-5.700320791334183984e-05,1.308147960766070206e+00
1.330000000000000071e+01,-2.396085214505130727e-05,-1.852309490476579390e-05,1.308145684879691517e+00
1.340000000000000036e+01,2.153766480574286629e-06,2.427041759581020919e-05,1.308145889452146937e+00
1.350000000000000000e+01,3.034525651973837487e-05,-4.145137967640454002e-05,1.308148771751381778e+00
1.360000000000000142e+01,-1.961459590216945229e-05,-2.837167389430940434e-05,1.308146908685426935e+00
1.370000000000000107e+01,1.598058606801277051e-05,-1.693019570841482191e-05,1.308148426581251744e+00
1.380000000000000071e+01,-3.150520151274792575e-05,9.875758880673046747e-06,1.308145434097911508e+00
1.390000000000000036e+01,1.366226882780745971e-05,-4.228670837891270601e-05,1.308146731791427042e+00
1.400000000000000000e+01,-7.618893925341119547e-06,5.593960867991427249e-05,1.308146008119292825e+00
1.410000000000000142e+01,-2.606605927110185184e-06,-1.431161445696483431e-05,1.308145760534204394e+00
1.420000000000000107e+01,-2.023885626054391929e-05,5.660835155547102454e-05,1.308143838171921036e+00
1.430000000000000071e+01,8.319681086495916977e-06,5.920072965558652311e-05,1.308144628404845689e+00
1.440000000000000036e+01,2.244562365823405715e-05,-1.504565906096724803e-05,1.308146760366180494e+00
1.450000000000000000e+01,1.364752863570540056e-06,-4.966781674808733171e-05,1.308146889995104756e+00
1.460000000000000142e+01,2.411016515619941042e-06,-5.640675813713309783e-05,1.308147119002129877e+00
1.470000000000000107e+01,-2.765721833300678091e-05,1.056018568486652431e-05,1.308144492015385518e+00
1.480000000000000071e+01,6.346024291124839969e-06,8.714650563781088655e-05,1.308145094784409102e+00
1.490000000000000036e+01,1.095679793247650302e-05,-1.147470985082485462e-06,1.308146135498971852e+00
1.500000000000000000e+01,2.774148296733969579e-05,-1.058115727922094226e-04,1.308148770481470269e+00
1.510000000000000142e+01,-3.022635179926306571e-05,6.185641790487639291e-06,1.308145899467516582e+00
1.520000000000000107e+01,-3.247912750611045909e-06,-7.912427881135580821e-06,1.308145590968503136e+00
1.530000000000000071e+01,2.253041954057045937e-05,2.953961198931803062e-05,1.308147730993518332e+00
1.540000000000000036e+01,-1.859054822223905890e-05,1.627606081716637121e-06,1.308145965194169147e+00
1.550000000000000000e+01,-7.571334536833835074e-06,-2.529408233624408364e-05,1.308145246040793630e+00
1.560000000000000142e+01,-1.056381130809785213e-06,2.589768020206956872e-05,1.308145145701724354e+00
1.570000000000000107e+01,-1.142115804463701353e-05,3.413156013089974072e-05,1.308144060877975967e+00
1.580000000000000071e+01,2.610245106812020786e-05,-3.310090578614692525e-05,1.308146540182483886e+00
1.590000000000000036e+01,-1.461164103355771030e-05,8.153632063555467380e-06,1.308145152314789117e+00
1.600000000000000000e+01,-1.424416200769464819e-07,-1.749871962778305062e-05,1.308145138785161921e+00
1.610000000000000142e+01,9.304047935415529075e-06,2.494367675990195182e-05,1.308146022518290819e+00
1.619999999999999929e+01,-2.657865057596590398e-05,1.021116881227603773e-04,1.308143497981303138e+00
1.630000000000000071e+01,4.471066059750779080e-05,-3.203703595116690755e-05,1.308147744748634933e+00
1.640000000000000213e+01,-7.125146951872732282e-06,-3.135411913163937969e-05,1.308147067977652789e+00
1.650000000000000000e+01,1.026078610876033498e-05,-1.924820022807579439e-05,1.308148042583453519e+00
1.660000000000000142e+01,-4.308333702257821467e-05,4.425283002622466821e-05,1.308143950373467979e+00
1.669999999999999929e+01,3.453647339915423727e-05,-2.754313971903114833e-05,1.308147230766780078e+00
1.680000000000000071e+01,-1.122247437446545829e-05,-6.763778193952761641e-06,1.308146164816408774e+00
1.690000000000000213e+01,-3.127202903507116279e-05,5.278262474247338160e-05,1.308143194488145866e+00
1.700000000000000000e+01,5.423020826030673300e-05,-8.135349855782365164e-05,1.308148345457234241e+00
1.710000000000000142e+01,-3.132234235845156138e-05,-5.211469718035231791e-05,1.308145370346697201e+00
1.719999999999999929e+01,-4.332812856852911662e-06,5.405792325601736087e-05,1.308144958799650759e+00
1.730000000000000071e+01,-4.648761774993671186e-06,-2.234663352121846885e-05,1.308144517243375216e+00
1.740000000000000213e+01,6.910330843639322582e-06,3.169024088258472899e-05,1.308145173612182299e+00
1.750000000000000000e+01,1.924034818423406117e-05,1.339050979511438588e-05,1.308147001129966291e+00
1.760000000000000142e+01,1.778796119585208946e-06,-1.309721352480471696e-05,1.308147170086387590e+00
1.769999999999999929e+01,1.601545254858874681e-05,-4.661150268395371221e-06,1.308148691292150501e+00
1.780000000000000071e+01,-9.203016215684556647e-06,4.433418497309590811e-06,1.308147817156138704e+00
1.790000000000000213e+01,-2.480529821593884486e-05,-1.037159703051130505e-05,1.308145461059192716e+00
1.800000000000000000e+01,9.014059895004651601e-07,-2.575316140394218190e-05,1.308145546678015636e+00
1.810000000000000142e+01,-1.875164921575234872e-06,1.444827293087432019e-05,1.308145368567874112e+00
1.819999999999999929e+01,2.149340469946949862e-05,-5.823583396934780415e-05,1.308147410090609197e+00
1.830000000000000071e+01,-1.992512311819213781e-05,2.932679980724786639e-05,1.308145517525393764e+00
1.840000000000000213e+01,-1.138127185893724955e-05,6.352553502624470189e-05,1.308144436489374840e+00
1.850000000000000000e+01,2.313015643218914626e-05,3.324054552157965081e-05,1.308146633474157383e+00
1.860000000000000142e+01,-1.662185060812264997e-05,6.052562846489781961e-05,1.308145054673170105e+00
1.869999999999999929e+01,4.577226722142155313e-05,-3.341139399092290380e-05,1.308149402273606876e+00
1.880000000000000071e+01,-6.082249354129451099e-05,-1.888464967218610180e-06,1.308143625147176525e+00
1.890000000000000213e+01,1.803794698115586230e-05,9.205050857148330823e-06,1.308145338452289641e+00
1.900000000000000000e+01,7.605868164579660667e-06,-5.854413794293550355e-06,1.308146060883184525e+00
1.910000000000000142e+01,9.939623961087483764e-06,1.880800055551346689e-05,1.308147004982287864e+00
1.920000000000000284e+01,2.409715065100756157e-05,-6.528070032111622789e-05,1.308149293810051850e+00
1.930000000000000071e+01,-2.973137313141754542e-05,-4.248936741652834664e-05,1.308146469819032154e+00
1.940000000000000213e+01,1.428934575059439931e-05,-4.903157036793056450e-05,1.308147827073468550e+00
1.950000000000000000e+01,-2.240054191955079439e-05,4.502991885151422236e-05,1.308145699384521299e+00
1.960000000000000142e+01,1.384921943809358687e-05,1.063346673444050261e-05,1.308147014834234456e+00
1.970000000000000284e+01,-2.771350271561041564e-05,3.978581682125177654e-05,1.308144382505055159e+00
1.980000000000000071e+01,2.696638023200474861e-05,-3.333961752918258858e-05,1.308146943866463907e+00
1.990000000000000213e+01,-2.029412389983669893e-06,-2.023912632005339662e-05,1.308146751105524475e+00
2.000000000000000000e+01,-6.675709854755745506e-06,4.028104290517905972e-05,1.308146117022021215e+00
2.010000000000000142e+01,1.073322599012046380e-06,7.863435525491853373e-06,1.308146218970015928e+00
2.020000000000000284e+01,-2.533565000840108140e-05,9.030738645623113958e-06,1.308143812500784264e+00
2.030000000000000071e+01,3.967066163600976511e-05,-3.459048755136834297e-05,1.308147580558978840e+00
2.040000000000000213e+01,7.722499871471626490e-06,-5.030447708201466611e-05,1.308148314069998985e+00
2.050000000000000000e+01,-4.836365534022397938e-05,4.756272000796830240e-05,1.308143720307894942e+00
2.060000000000000142e+01,3.721134237565440483e-06,3.526033707351456520e-05,1.308144073754621495e+00
2.070000000000000284e+01,1.720182967630086088e-05,-5.339893335666763552e-06,1.308145707644571498e+00
2.080000000000000071e+01,2.138393590852866351e-05,7.826444440427876570e-07,1.308147738766265444e+00
2.090000000000000213e+01,-1.918493493749916234e-05,-1.931996482118763375e-05,1.308145916513475671e+00
2.100000000000000000e+01,-2.047107232317369602e-05,3.322458546273047986e-06,1.308143972097886021e+00
2.110000000000000142e+01,1.756354159153134149e-05,3.142346264390673272e-06,1.308145640345616645e+00
2.120000000000000284e+01,-9.322479754212244576e-06,4.470368357051106301e-05,1.308144754863352022e+00
2.130000000000000071e+01,1.344302011295115361e-05,-1.643008959671156399e-05,1.308146031727328573e+00
2.140000000000000213e+01,-2.194197292405353564e-06,-4.905256402090198142e-05,1.308145823314851741e+00
2.150000000000000000e+01,8.841792678287692733e-06,4.332077113358093895e-05,1.308146663140397292e+00
2.160000000000000142e+01,-2.068370232270006978e-05,1.575989886516693250e-05,1.308144698530207428e+00
2.170000000000000284e+01,2.200446534651257294e-05,-5.983042519161138606e-05,1.308146788590001997e+00
2.180000000000000071e+01,-1.733499094176520205e-05,1.468653088319751138e-05,1.308145142049671250e+00
2.190000000000000213e+01,1.477933869752090512e-06,7.952429610698884266e-06,1.308145282429115541e+00
2.200000000000000000e+01,6.038689145188491300e-06,-4.005918918140866092e-06,1.308145856005272334e+00
2.210000000000000142e+01,-5.694399835071183372e-06,2.970951480724993987e-05,1.308145315130865294e+00
2.220000000000000284e+01,2.493024594472730525e-05,-4.922946455271186295e-05,1.308147683092407698e+00
2.230000000000000071e+01,2.018362042624293959e-06,-2.916670741055088500e-05,1.308147874803791355e+00
2.240000000000000213e+01,-1.388870099848157902e-05,-4.410192741100774777e-05,1.308146555603140637e+00
2.250000000000000000e+01,-4.065395986331782167e-05,6.759882890400650823e-05,1.308142694133541450e+00
2.260000000000000142e+01,4.120363467175662889e-05,-1.003795652165795360e-05,1.308146607804667072e+00
2.270000000000000284e+01,1.000539234548530713e-05,-1.250025317984203299e-06,1.308147558153738510e+00
2.280000000000000071e+01,-3.440910626516593962e-05,3.530607053502197307e-05,1.308144289850079911e+00
2.290000000000000213e+01,2.234204439212827617e-05,4.902523868373191707e-05,1.308146411977184620e+00
2.300000000000000000e+01,-4.944940170935894011e-06,1.594606593279847273e-05,1.308145942289846930e+00
2.310000000000000142e+01,2.389904491195888638e-05,-1.439199391541252926e-05,1.308148212301885494e+00
2.320000000000000284e+01,-2.026484412988045075e-06,-2.024070091481873501e-05,1.308148019819440622e+00
2.330000000000000071e+01,-1.699055985168252195e-05,-3.866935575245686318e-07,1.308146405996797101e+00
2.340000000000000213e+01,-2.050451239007282725e-06,6.054264414561989077e-05,1.308146211237798173e+00
2.350000000000000000e+01,2.430510270134359635e-05,-6.069192011908582790e-05,1.308148519816693112e+00
2.360000000000000142e+01,-2.836215613643503636e-05,4.235632230543354831e-05,1.308145825880128399e+00
2.370000000000000284e+01,2.084931491423236243e-05,-3.777732281871892805e-05,1.308147806217996090e+00
2.380000000000000071e+01,-3.329571313734217344e-06,-2.751294839348130544e-05,1.308147489963728427e+00
2.390000000000000213e+01,-1.992353853559592457e-05,4.801774602776302803e-05,1.308145597555181450e+00
2.400000000000000000e+01,1.603717301477698004e-05,-6.790551594275905101e-05,1.308147120820477793e+00
2.410000000000000142e+01,-1.171006001408946354e-05,1.871757359018892675e-05,1.308146008556601680e+00
2.420000000000000284e+01,1.252685681112455408e-05,-2.573480153930142456e-05,1.308147198402064504e+00
2.430000000000000071e+01,-1.768431422878883816e-05,8.343968223888630076e-05,1.308145518681542940e+00
2.440000000000000213e+01,3.809216742830081118e-05,1.557311368541314245e-07,1.308149136804577894e+00
2.450000000000000000e+01,-9.147150736864978482e-06,-3.809112292465274136e-05,1.308148267977135903e+00
2.460000000000000142e+01,-2.122436110553915962e-05,1.592178782031106188e-05,1.308146252012949207e+00
2.470000000000000284e+01,1.609957080464866075e-05,-6.534132398298021088e-05,1.308147781205763804e+00
2.480000000000000071e+01,-2.838800165140889509e-05,-1.496123180397442021e-05,1.308145084809694714e+00
2.490000000000000213e+01,2.736244668898697371e-05,-2.686737784351848901e-06,1.308147683796077931e+00
2.500000000000000000e+01,1.413061929985684126e-06,-3.349687140459609719e-05,1.308147818013953412e+00
2.510000000000000142e+01,-4.063678224258161775e-05,4.082401365604771543e-05,1.308143958177645727e+00
2.520000000000000284e+01,1.631777858816492802e-05,3.552024438935926648e-05,1.308145508100156507e+00
2.530000000000000071e+01,-4.290350297619580089e-06,2.848258546024433346e-05,1.308145100587393195e+00
2.540000000000000213e+01,2.002969933612781979e-05,1.941513150636054591e-05,1.308147003077960946e+00
2.550000000000000000e+01,9.662056774619202579e-06,7.988134180142263119e-06,1.308147920813268694e+00
2.560000000000000142e+01,3.724732153836994922e-06,-3.527104275718919574e-05,1.308148274601035776e+00
2.570000000000000284e+01,2.617497886643138996e-05,-5.189171754683540722e-05,1.308150760793003631e+00
2.580000000000000071e+01,-6.446708470453539619e-05,2.656401560726263239e-05,1.308144637471998051e+00
2.590000000000000213e+01,8.405894196965345636e-06,6.132590786394730847e-05,1.308145435893895980e+00
2.600000000000000000e+01,2.709131660256266366e-05,-7.014390744365054525e-05,1.308148009119213695e+00
2.610000000000000142e+01,-3.739673310143381245e-05,1.132229625548479557e-05,1.308144457042355713e+00
2.620000000000000284e+01,2.697231087158769372e-05,-1.119921212667206178e-05,1.308147018968857767e+00
2.630000000000000071e+01,9.730335929969283551e-06,-2.102186424668590903e-05,1.308147943191420470e+00
2.640000000000000213e+01,-2.453002389610973825e-05,4.572674142628088689e-05,1.308145613239393379e+00
2.650000000000000000e+01,1.800417571789624666e-05,-2.407251846738098916e-05,1.308147323339703849e+00
2.660000000000000142e+01,-1.620590507353438653e-05,-1.449719416023870222e-07,1.308145784044271176e+00
2.670000000000000284e+01,2.305639426767279454e-05,-2.447211035939717699e-05,1.308147974023995186e+00
2.680000000000000071e+01,-2.417849669985412328e-05,5.970456714776868623e-05,1.308145677461082679e+00
2.690000000000000213e+01,-3.023427692802399189e-06,3.375747594996231227e-05,1.308145390285349707e+00
2.700000000000000000e+01,1.953554015740903080e-05,9.985390166666018030e-06,1.308147245837313788e+00
2.710000000000000142e+01,1.481314486442798437e-05,-5.932766173728266923e-05,1.308148652839859372e+00
2.720000000000000284e+01,1.164338034949103512e-06,-6.988417862310598166e-05,1.308148763432842365e+00
2.730000000000000071e+01,-2.073286498877773866e-05,1.095436869556418169e-05,1.308146794146929137e+00
2.740000000000000213e+01,-1.710358198863900538e-05,6.481557107707903997e-05,1.308145169584866041e+00
2.750000000000000000e+01,2.119583112299865992e-05,-6.161616649784373845e-06,1.308147182839763500e+00
2.760000000000000142e+01,-2.521539918431720158e-05,8.749109495719518959e-06,1.308144787791647445e+00
2.770000000000000284e+01,1.001765826382102452e-05,4.677812422195122555e-05,1.308145739304055866e+00
2.780000000000000071e+01,2.417310716227661152e-05,-1.925880060564370833e-05,1.308148035347549198e+00
2.790000000000000213e+01,4.947298524722457472e-06,-6.516893003011281493e-05,1.308148505259050687e+00
2.800000000000000000e+01,-1.960881544870894319e-05,-4.757939255515142990e-05,1.308146642742140875e+00
2.810000000000000142e+01,-1.494015319954068895e-05,8.287928968315171063e-05,1.308145223669793022e+00
2.820000000000000284e+01,2.948263567350184640e-05,-3.263324349721437312e-06,1.308148024034734958e+00
2.830000000000000071e+01,-1.438528576747457634e-05,-1.620394531076999045e-06,1.308146657669220003e+00
2.840000000000000213e+01,-1.528594822621767886e-05,1.256841389643548190e-09,1.308145205755679275e+00
2.850000000000000000e+01,-2.411296370192833258e-06,-3.891737011683851083e-05,1.308144976722219299e+00
2.860000000000000142e+01,8.068806739861726987e-06,1.873103029771585465e-05,1.308145743127027139e+00
2.870000000000000284e+01,7.610535269406398101e-07,-1.373542332244823833e-05,1.308145815414635926e+00
2.880000000000000071e+01,3.003639706028590414e-05,-1.209925419734872443e-05,1.308148668381583057e+00
2.890000000000000213e+01,-2.633373447244631571e-05,1.015641371160305034e-05,1.308146167106049917e+00
2.900000000000000000e+01,6.992282697909505199e-06,-4.221410057889726092e-05,1.308146831258659271e+00
2.910000000000000142e+01,-1.224311888590534983e-05,-6.405202814520512267e-06,1.308145668360814140e+00
2.920000000000000284e+01,3.268573612357763766e-06,3.641974417619136400e-05,1.308145978822381261e+00
2.930000000000000071e+01,7.849356659787518065e-06,3.539274621418547068e-05,1.308146724383303372e+00
2.940000000000000213e+01,1.709275456895247881e-05,-2.866138735471701615e-06,1.308148347914607879e+00
2.950000000000000000e+01,-6.251413810519574135e-06,-6.617396101255782620e-05,1.308147754132759299e+00
2.960000000000000142e+01,-2.857322089934877934e-05,3.199991856958541575e-05,1.308145040139559567e+00
2.970000000000000284e+01,3.160819995449678024e-06,2.815800503459895548e-05,1.308145340365918896e+00
2.980000000000000071e+01,3.954905793324050428e-07,1.984017706395564684e-05,1.308145377931040576e+00
2.990000000000000213e+01,1.161558414665138199e-05,-2.294403654788234465e-05,1.308146481220453961e+00
3.000000000000000000e+01,-4.576782506702506068e-06,7.575134313695351673e-05,1.308146046501064808e+00
3.010000000000000142e+01,6.113716450562153501e-06,-2.457444703918894996e-05,1.308146627202565027e+00
3.020000000000000284e+01,8.378348705175052771e-06,-3.607909282748837654e-05,1.308147423007197663e+00
3.030000000000000071e+01,-7.977080909485649227e-06,-2.367456532734353580e-05,1.308146665315471191e+00
3.040000000000000213e+01,6.196094146502639094e-06,-2.010692389888771997e-05,1.308147253843148228e+00
3.050000000000000000e+01,-2.667603606064839102e-05,4.317762888000637594e-05,1.308144720054233323e+00
3.060000000000000142e+01,2.711561889235302933e-06,4.775422099546552945e-06,1.308144977608055148e+00
3.070000000000000284e+01,-1.580397806221715135e-06,1.347873155326320682e-06,1.308144827496256157e+00
3.080000000000000071e+01,7.451930275243238630e-06,2.650226154059329847e-05,1.308145535307055685e+00
3.090000000000000213e+01,2.198901026004046640e-05,-3.129196996260602548e-05,1.308147623899752920e+00
3.100000000000000000e+01,-3.819077321433198349e-05,2.777234155207451011e-05,1.308143996403735354e+00
3.110000000000000142e+01,4.577737033371605084e-05,1.460405423995333324e-05,1.308148344497992444e+00
3.120000000000000284e+01,-1.473650553952539181e-05,-7.240452273070581424e-05,1.308146944773812992e+00
3.130000000000000071e+01,-2.060630249846946878e-05,-3.226430154706395881e-05,1.308144987511657087e+00
3.140000000000000213e+01,1.651017677699729951e-05,1.620167608008989124e-05,1.308146555710415715e+00
3.150000000000000000e+01,1.794730795977327910e-05,9.836564745756282147e-07,1.308148260412627994e+00
3.160000000000000142e+01,-3.720559030497743239e-05,5.546496053863633757e-05,1.308144726487352472e+00
3.170000000000000284e+01,2.007393124444831721e-05,2.003551137211723870e-05,1.308146633180354623e+00
3.180000000000000071e+01,-2.426679479234630440e-06,-2.840285475203679910e-05,1.308146402685889553e+00
3.190000000000000213e+01,-6.707338833837834038e-06,-4.693092722831207486e-06,1.308145765598922594e+00
3.200000000000000000e+01,1.705164260275109089e-05,1.595555470120229441e-05,1.308147385225075121e+00
3.210000000000000142e+01,-8.915475671134390212e-08,-4.919649316215135570e-05,1.308147376756840785e+00
3.220000000000000284e+01,-1.595226827686238059e-05,3.267424792698786495e-05,1.308145861551540001e+00
3.230000000000000426e+01,-4.764260885315070582e-06,7.562115051595701132e-05,1.308145409024985772e+00
3.239999999999999858e+01,2.207524033259072350e-05,-8.538570097178527912e-05,1.308147505805259403e+00
3.250000000000000000e+01,-2.298113685341275983e-06,-2.279546168251159882e-05,1.308147287522092750e+00
3.260000000000000142e+01,-2.049877492056552050e-05,-1.024634404385264819e-05,1.308145340472872453e+00
3.270000000000000284e+01,-1.207610184651968649e-06,9.012466204787530910e-06,1.308145225769576037e+00
3.280000000000000426e+01,-1.027753148197013862e-05,3.888617854223321013e-05,1.308144249571830731e+00
3.289999999999999858e+01,1.849273608318957075e-05,1.159660889742727269e-05,1.308146006077735679e+00
3.300000000000000000e+01,6.202530385566919907e-06,-6.152989910588636813e-05,1.308146595215984531e+00
3.310000000000000142e+01,-3.447532311251239739e-05,2.421796699074094117e-05,1.308143320621729000e+00
3.320000000000000284e+01,2.563274221124324515e-05,5.500845408515017687e-05,1.308145755312776659e+00
3.330000000000000426e+01,1.326228706979002726e-05,1.514504998114708789e-05,1.308147015010930669e+00
3.339999999999999858e+01,3.370953328956510786e-06,-3.411161019078404882e-05,1.308147335195664063e+00
3.350000000000000000e+01,-1.069828716441048079e-05,2.800759733196690748e-05,1.308146319034467098e+00
3.360000000000000142e+01,9.754221294258798303e-06,1.516525261297755472e-05,1.308147245524086788e+00
3.370000000000000284e+01,-1.060581549849393991e-05,-1.265165083467589130e-05,1.308146238147615437e+00
3.380000000000000426e+01,5.232585311722029800e-06,1.518362949062997125e-05,1.308146735156583196e+00
3.389999999999999858e+01,-3.550254433668008705e-05,-9.497601404229172317e-06,1.308143363004780513e+00
3.400000000000000000e+01,2.959867938193876460e-05,-2.682435779790669911e-05,1.308146174388324479e+00
3.410000000000000142e+01,7.967036810283337211e-07,-3.631723756479000864e-05,1.308146250062034222e+00
3.420000000000000284e+01,-6.765837075440152629e-06,-2.362416888927135888e-05,1.308145607418349510e+00
3.430000000000000426e+01,-2.080929147204235372e-05,4.254010117113980749e-05,1.308143630875231223e+00
3.439999999999999858e+01,1.572407758609027650e-06,3.399503474104791784e-05,1.308143780228088859e+00
3.450000000000000000e+01,1.002391765229167404e-05,4.125807417981221248e-06,1.308144732334264537e+00
3.460000000000000142e+01,2.382568002775795057e-05,-8.440298385700099187e-05,1.308146995379295907e+00
3.470000000000000284e+01,-2.739042983758064286e-05,5.680117849591378304e-05,1.308144393734873567e+00
3.480000000000000426e+01,1.020349971640895602e-05,-7.617300105009980338e-07,1.308145362899170827e+00
3.489999999999999858e+01,2.522748138981327319e-05,-3.854867279896086879e-05,1.308147759094493212e+00
3.500000000000000000e+01,1.558328560359546408e-05,-5.632143005008301978e-05,1.308149239252138996e+00
3.510000000000000142e+01,-2.771898351805229983e-05,-7.108440105147231791e-06,1.308146606396619838e+00
3.520000000000000284e+01,-2.656416755158932767e-05,2.774659475462785962e-05,1.308144083229905164e+00
3.530000000000000426e+01,-1.326413614694205503e-06,2.804595694885520657e-05,1.308143957242171584e+00
3.539999999999999858e+01,1.689353562451569035e-05,2.171577309432234232e-05,1.308145561852077865e+00
3.550000000000000000e+01,2.630224997935185459e-05,-2.632737456428717315e-05,1.308148060134783242e+00
3.560000000000000142e+01,-3.081328891416622306e-05,-1.006301308201923428e-07,1.308145133374821079e+00
3.570000000000000284e+01,2.034681476243533314e-05,4.410575757749987669e-05,1.308147065990346469e+00
3.580000000000000426e+01,4.757572075959936100e-06,2.565500053823728532e-05,1.308147517881481203e+00
3.589999999999999858e+01,-3.504459218391011571e-05,6.825286823096583799e-05,1.308144189224550002e+00
3.600000000000000000e+01,2.102625447598731843e-05,-2.003494352563733177e-05,1.308146186366539343e+00
3.610000000000000142e+01,8.674402791344513683e-06,-1.232253684245523950e-04,1.308147010290150014e+00
3.620000000000000284e+01,5.295024768746077817e-06,-2.070194316502061566e-05,1.308147513231270986e+00
3.630000000000000426e+01,-2.999050855659367645e-05,3.924678022576913450e-05,1.308144664619702136e+00
3.639999999999999858e+01,1.680524462243423306e-05,-2.508521847313475994e-05,1.308146260843047859e+00
3.650000000000000000e+01,-1.486470255915870245e-05,3.633407667791993534e-05,1.308144848938278759e+00
3.660000000000000142e+01,8.243351060377174938e-06,-7.272723416113478778e-06,1.308145631921483698e+00
3.670000000000000284e+01,-1.196631907564933879e-05,3.434609972670019107e-05,1.308144495317098643e+00
3.680000000000000426e+01,2.055916345346979826e-06,-9.553228511938356704e-06,1.308144690595261395e+00
3.689999999999999858e+01,3.149089814626342826e-05,-4.722616258504702680e-06,1.308147681712815258e+00
3.700000000000000000e+01,-6.721734363192548994e-06,-1.361681155283029493e-05,1.308147043258407027e+00
3.710000000000000142e+01,-1.514855729145992563e-05,9.042197523279754678e-06,1.308145604393650352e+00
3.720000000000000284e+01,-4.863245318783215518e-06,-4.944006637646811142e-06,1.308145142465195310e+00
3.730000000000000426e+01,-2.738354250030961348e-06,4.361746259662780539e-05,1.308144882366468531e+00
3.739999999999999858e+01,2.007056921191768817e-05,-2.224954434303615114e-06,1.308146788738646427e+00
3.750000000000000000e+01,9.591387279311467881e-06,-1.081110536959792312e-05,1.308147699762002736e+00
3.760000000000000142e+01,-1.115084238148241272e-06,-5.618889065908336256e-06,1.308147593847378332e+00
3.770000000000000284e+01,-3.185972184447912262e-06,1.266134968618513879e-06,1.308147291232479859e+00
3.780000000000000426e+01,-6.829589410190222559e-06,1.363351581996647549e-05,1.308146642533991155e+00
3.789999999999999858e+01,-8.956788645329231274e-06,-3.976383783726306076e-06,1.308145791787051593e+00
3.800000000000000000e+01,7.987868871312669983e-06,1.155939973139594873e-05,1.308146550502716776e+00
3.810000000000000142e+01,-1.379930433402531444e-05,-1.768944111060679475e-05,1.308145239797156023e+00
3.820000000000000284e+01,7.628330685471602229e-07,4.268252493832939976e-05,1.308145312253712556e+00
3.830000000000000426e+01,1.723134665542456513e-05,-2.331046357982938244e-06,1.308146948945184906e+00
3.840000000000000568e+01,-1.091287947944680897e-05,6.246972169332565272e-06,1.308145912402948419e+00
3.850000000000000000e+01,1.651687491955895065e-05,-2.683620701114577262e-05,1.308147481231354492e+00
3.860000000000000142e+01,-2.950118579995780407e-05,4.002173221294338251e-05,1.308144679107038133e+00
3.870000000000000284e+01,1.584086204036946367e-05,-5.926405909952719986e-05,1.308146183724653300e+00
3.880000000000000426e+01,-1.975115758161066423e-06,1.519259683046420006e-05,1.308145996121231613e+00
3.890000000000000568e+01,6.758964310362401695e-06,1.573060884128060083e-05,1.308146638111057580e+00
3.900000000000000000e+01,1.415822811289902186e-05,-3.488604623370396285e-05,1.308147982907986284e+00
3.910000000000000142e+01,-2.061400130530717002e-05,3.021737832367005216e-06,1.308146024917440808e+00
3.920000000000000284e+01,3.173871337342035366e-05,2.563256816065853649e-05,1.308149039572204853e+00
3.930000000000000426e+01,-1.011896534503582863e-05,1.605593679812004210e-05,1.308148078437971984e+00
3.940000000000000568e+01,-8.311078999277601159e-06,-3.286310417897203573e-05,1.308147289023494864e+00
3.950000000000000000e+01,1.131664297514853139e-05,-5.030866256444145590e-05,1.308148363917809975e+00
3.960000000000000142e+01,-1.563313659360895946e-05,-1.838458367193606530e-05,1.308146879025404941e+00
3.970000000000000284e+01,-4.140925933402133524e-06,-3.560756058379726391e-05,1.308146485704930084e+00
3.980000000000000426e+01,-5.191289956504646294e-06,6.063205850495145127e-05,1.308145992616431386e+00
3.990000000000000568e+01,2.070449530509454322e-07,5.544118549857205563e-05,1.308146012282310089e+00
4.000000000000000000e+01,2.105466478905079937e-05,2.241356024222738302e-05,1.308148012127073434e+00
4.010000000000000142e+01,8.907278920750483914e-06,-2.003764828834540823e-05,1.308148858170657736e+00
4.020000000000000284e+01,-1.538308710597835298e-05,-3.554324638263290509e-05,1.308147397031906189e+00
4.030000000000000426e+01,-1.845637375855733488e-05,-3.515143392024671493e-05,1.308145643979953698e+00
4.040000000000000568e+01,8.581507095525636383e-06,3.930129626267091225e-05,1.308146459082898394e+00
4.050000000000000000e+01,2.569642111982300622e-06,3.579417978559831792e-06,1.308146703156603863e+00
4.060000000000000142e+01,3.734486495338400908e-06,3.335481584344681533e-05,1.308147057871319907e+00
4.070000000000000284e+01,1.602233267511323639e-05,-3.310549286211512260e-05,1.308148579727507643e+00
4.080000000000000426e+01,-2.947426836801296177e-05,-1.297190962679887344e-05,1.308145780157362381e+00
4.090000000000000568e+01,-5.501507561399363727e-06,2.504672636271122049e-05,1.308145257604585776e+00
4.100000000000000000e+01,1.952926704771088505e-05,-1.671544281966336198e-05,1.308147112562477732e+00
4.110000000000000142e+01,-2.351364616794767055e-05,-1.266398622267080054e-05,1.308144879153167350e+00
4.120000000000000284e+01,3.903824470851812584e-06,3.145239022797705758e-05,1.308145249952354705e+00
4.130000000000000426e+01,-2.406773882957001856e-06,6.399724213545718299e-07,1.308145021348613435e+00
4.140000000000000568e+01,1.936490150395743515e-05,-4.063023064592840433e-05,1.308146860694291425e+00
4.150000000000000000e+01,-9.762490383833982363e-06,-4.301323194563257124e-05,1.308145933417734552e+00
4.160000000000000142e+01,-1.291055662381006969e-06,3.884989692375020315e-05,1.308145810788441388e+00
4.170000000000000284e+01,2.092621517830214710e-05,2.143307786231941209e-05,1.308147798436194664e+00
4.180000000000000426e+01,8.208784671376052194e-06,-5.949493477162663690e-06,1.308148578135849949e+00
4.190000000000000568e+01,-5.089308228786899868e-06,-2.242115376556788608e-06,1.308148094735096079e+00
4.200000000000000000e+01,-1.136525825222054961e-05,-6.163942944750061548e-06,1.308147015222083542e+00
4.210000000000000142e+01,5.203665491000913218e-06,-1.675682595338092579e-05,1.308147509484993698e+00
4.220000000000000284e+01,1.219027482452731542e-06,-5.853523216111169991e-07,1.308147625272686243e+00
4.230000000000000426e+01,-3.177146778236459267e-05,4.008234657908085058e-05,1.308144607502689460e+00
4.240000000000000568e+01,1.457490157611763572e-05,3.691429347366798064e-06,1.308145991878128633e+00
4.250000000000000000e+01,1.523539336489745759e-05,3.079327471973598851e-05,1.308147438989395672e+00
4.260000000000000142e+01,-5.197465745059460379e-06,-2.945457802643654949e-05,1.308146945316293053e+00
4.270000000000000284e+01,-3.613121487538529034e-06,-4.676973225805746565e-05,1.308146602129315328e+00
4.280000000000000426e+01,-1.252905728000739891e-05,3.245812585704697245e-05,1.308145412073661751e+00
4.290000000000000568e+01,-7.597680459832823613e-07,5.643111268652679230e-05,1.308145339908197036e+00
4.300000000000000000e+01,2.386416358322721899e-05,-5.913700993320520488e-05,1.308147606607130253e+00
4.310000000000000142e+01,-2.151757700451727671e-05,2.392079211490164004e-06,1.308145562790924643e+00
4.320000000000000284e+01,-4.528360716174982536e-06,5.888640555899282009e-05,1.308145132671151734e+00
4.330000000000000426e+01,-1.301439609957587631e-06,-1.308998694529283496e-05,1.308145009056040919e+00
4.340000000000000568e+01,9.596416671837394718e-06,-1.984249081232822981e-05,1.308145920556391228e+00
4.350000000000000000e+01,1.237737536812551914e-05,7.694876845270801069e-06,1.308147096202542325e+00
4.360000000000000142e+01,-1.074946135248486256e-05,-2.448374638699089834e-05,1.308146075181576773e+00
4.370000000000000284e+01,3.395868123486751010e-05,-4.654940692664331914e-05,1.308149300697300843e+00
4.380000000000000426e+01,-2.418266720221814992e-05,-2.252557203535465041e-05,1.308147003738378444e+00
4.390000000000000568e+01,-2.486025514822657809e-05,7.899595688605400706e-05,1.308144642418357595e+00
4.400000000000000000e+01,9.865652955169060961e-06,-4.176056324880529635e-05,1.308145579492483668e+00
4.410000000000000142e+01,9.096729141104802768e-06,-8.508216914477652326e-06,1.308146443532796743e+00
4.420000000000000284e+01,-5.952727289396065810e-06,2.597630761437975250e-05,1.308145878121012018e+00
4.430000000000000426e+01,-1.195889795136415371e-05,8.950893526843417547e-06,1.308144742222248302e+00
4.440000000000000568e+01,8.338902350063471733e-06,7.868052364243434404e-06,1.308145534280679367e+00
4.450000000000000000e+01,1.141599336654491696e-05,-8.598686086456162891e-06,1.308146618611898182e+00
4.460000000000000142e+01,-3.717199224574424185e-06,-2.822848674588571832e-05,1.308146265539125830e+00
4.470000000000000284e+01,1.263042938638280627e-05,-4.400891513179835957e-05,1.308147465223284733e+00
4.480000000000000426e+01,-1.978303368490902554e-05,1.073675040155503552e-05,1.308145586156063800e+00
4.490000000000000568e+01,4.811703470703528746e-06,1.147949745235535279e-05,1.308146043189635233e+00
4.500000000000000000e+01,-9.026311347079714331e-07,6.928343866090605485e-05,1.308145957454388775e+00
4.510000000000000142e+01,6.378760193152810398e-06,1.961523987650034412e-05,1.308146563331273216e+00
4.520000000000000284e+01,3.798127665855920848e-07,3.446244876791071388e-05,1.308146599407192134e+00
4.530000000000000426e+01,2.477372153669591195e-05,-7.798436993356958058e-05,1.308148952497750095e+00
4.540000000000000568e+01,-4.201365781445463334e-05,-3.533164833339694222e-06,1.308144961890666869e+00
4.550000000000000000e+01,-1.030567580580146053e-05,3.143354013319162726e-05,1.308143983020906065e+00
4.560000000000000142e+01,1.551887174262400575e-05,7.128277046694782293e-05,1.308145457057073191e+00
4.570000000000000284e+01,2.264725550872050651e-05,-1.149766443292107865e-05,1.308147608167083975e+00
4.580000000000000426e+01,-7.774649057945299396e-06,-9.819735452306580653e-05,1.308146869705299142e+00
4.590000000000000568e+01,-2.633399151644481503e-05,-3.573496422698899111e-05,1.308144368408262759e+00
4.600000000000000000e+01,-1.305815390457510175e-05,1.083715100919264984e-05,1.308143128096667551e+00
4.610000000000000142e+01,7.020561280483188574e-06,2.621532545071282583e-05,1.308143794935205051e+00
4.620000000000000284e+01,3.091712822102547428e-06,8.354360777133949117e-05,1.308144088597132493e+00
4.630000000000000426e+01,5.869119060538871557e-05,-2.387803383211740960e-05,1.308149663282084818e+00
4.640000000000000568e+01,-1.907306650704779227e-05,-7.860261416788548450e-05,1.308147851656933591e+00
4.650000000000000000e+01,-3.740638068885611747e-06,-1.465886386687112464e-06,1.308147496357437101e+00
4.660000000000000142e+01,2.605017409415435851e-05,-1.483901529718972823e-06,1.308149970698670117e+00
4.670000000000000284e+01,-1.931070719217529291e-05,-9.601312719030932752e-06,1.308148136496622760e+00
4.680000000000000426e+01,-2.075890413769532900e-05,-3.418302902495444495e-06,1.308146164739186768e+00
4.690000000000000568e+01,-7.083510541194349211e-06,4.468816846182541158e-05,1.308145491921174353e+00
4.700000000000000000e+01,3.804117368225905585e-05,-1.712373984591019499e-05,1.308149105207577545e+00
4.710000000000000142e+01,-2.590026102877859490e-05,-7.137038112201704587e-06,1.308146645106871508e+00
4.720000000000000284e+01,-6.096863945714153799e-06,7.261508393353183211e-07,1.308146066004564068e+00
4.730000000000000426e+01,-1.685225211195081653e-05,6.737142311458773486e-05,1.308144465316560590e+00
4.740000000000000568e+01,5.182791797494882592e-05,-5.029216032784861179e-05,1.308149388109868916e+00
4.750000000000000000e+01,-2.041064699755275845e-05,-1.346426143001167725e-05,1.308147449433201936e+00
4.760000000000000142e+01,-3.242609610076634639e-05,7.000527962014446715e-06,1.308144369485235714e+00
4.770000000000000284e+01,1.028441254113639583e-05,1.011329087831618762e-05,1.308145346335650050e+00
4.780000000000000426e+01,9.019586690473414131e-06,-4.482255571877126477e-06,1.308146203048145662e+00
4.790000000000000568e+01,1.544606339821692070e-07,3.798845560168059854e-05,1.308146217719370341e+00
4.800000000000000000e+01,3.550203323535801488e-05,-3.600241717266906144e-05,1.308149589825915005e+00
4.810000000000000142e+01,-5.582383094484373240e-05,3.971314317701476332e-05,1.308144287478511636e+00
4.820000000000000284e+01,2.610985665470861271e-05,1.755010654276058235e-05,1.308146767482679884e+00
4.830000000000000426e+01,1.755299588033620156e-06,-2.686418337324945199e-05,1.308146934207005785e+00
4.840000000000000568e+01,1.946024156566569796e-07,-2.908796331449470252e-05,1.308146952691021436e+00
4.850000000000000000e+01,1.984620559765913617e-06,-2.437706700722779701e-05,1.308147141197383956e+00
4.860000000000000142e+01,-2.161637521002571921e-05,4.849691073433200217e-06,1.308145087995225442e+00
4.870000000000000284e+01,2.856561404930525391e-05,-2.761785837061131454e-05,1.308147801261075438e+00
4.880000000000000426e+01,-3.106235811101533753e-05,1.534031293829851011e-05,1.308144850842745122e+00
4.890000000000000568e+01,-1.334540369098244535e-05,4.399516990398824601e-05,1.308143583247517228e+00
4.900000000000000000e+01,2.822980927176424286e-05,6.931343629462509426e-06,1.308146264614270526e+00
4.910000000000000142e+01,1.236332213940373806e-05,-1.437781516520821729e-05,1.308147438926089867e+00
4.920000000000000284e+01,-1.056644379624762861e-05,-1.533039865664331813e-05,1.308146435287613096e+00
4.930000000000000426e+01,-9.792914031679774908e-06,4.151357724729680398e-05,1.308145505121354635e+00
4.940000000000000568e+01,1.102786082598171923e-05,4.092193535105287383e-05,1.308146552585882638e+00
4.950000000000000000e+01,3.077015512208255629e-06,-2.217174813745354661e-05,1.308146844851126644e+00
4.960000000000000142e+01,8.241077532226710051e-06,-1.669162913369142548e-05,1.308147627616892406e+00
4.970000000000000284e+01,-1.343663969661699174e-05,2.213368880009218553e-05,1.308146351358164594e+00
4.980000000000000426e+01,1.697128402673828314e-05,-3.906751397152966737e-05,1.308147963348540443e+00
4.990000000000000568e+01,-3.382822491974457439e-05,1.124300631456624788e-05,1.308144750224569108e+00
5.000000000000000000e+01,3.647063319465342936e-05,3.573289580325548359e-05,1.308148214332541137e+00
5.010000000000000142e+01,-1.908405732803809124e-06,-4.251208686358032285e-05,1.308148033065695603e+00
5.020000000000000284e+01,2.081085724908423099e-06,-3.754773336750363150e-05,1.308148230734548445e+00
5.030000000000000426e+01,-3.867033672101151398e-05,4.536745734948915976e-05,1.308144557685728460e+00
5.040000000000000568e+01,3.163565133288380460e-05,-4.659952548316092374e-05,1.308147562550047160e+00
5.050000000000000000e+01,-3.164248223609385062e-05,6.266378424663390789e-05,1.308144557032293598e+00
5.060000000000000142e+01,4.553580292364443199e-05,-1.085662843024626928e-04,1.308148882179359873e+00
5.070000000000000284e+01,-5.550675220515025217e-05,2.706730240299021206e-05,1.308143609938621443e+00
5.080000000000000426e+01,4.442331959353244299e-05,4.819911940474094075e-05,1.308147829429170184e+00
5.090000000000000568e+01,1.124949462849404724e-06,-1.986787160350358267e-05,1.308147936280863677e+00
5.100000000000000000e+01,4.962894667845298841e-06,3.177622078225084135e-05,1.308148407674538216e+00
5.110000000000000142e+01,-1.046486241508808729e-05,3.117369850465321474e-05,1.308147413685140981e+00
5.120000000000000284e+01,6.898410971336362690e-06,-3.099721758709813452e-05,1.308148068919769536e+00
5.130000000000000426e+01,-6.507697920060933477e-06,-6.768045020063423456e-05,1.308147450795768885e+00
5.140000000000000568e+01,-1.031090244464042023e-05,2.381581044645815493e-05,1.308146471427930502e+00
5.150000000000000000e+01,4.571044992497230036e-06,-1.558451256299369508e-05,1.308146905602423971e+00
5.160000000000000142e+01,-1.696537361382745475e-05,2.304039908762080258e-05,1.308145294168732153e+00
5.170000000000000284e+01,2.071825923042410096e-05,5.311402858740842114e-05,1.308147262063863447e+00
5.180000000000000426e+01,2.952686165409723618e-05,-6.375930788081202866e-05,1.308150066627534525e+00
5.190000000000000568e+01,-4.761102156326454948e-05,-1.069221550313408098e-05,1.308145544358497059e+00
5.200000000000000000e+01,-5.133244910904971592e-06,3.025978615924830584e-05,1.308145056784042026e+00
5.210000000000000142e+01,3.455828135235381252e-05,2.026818784316847255e-05,1.308148339253637493e+00
5.220000000000000284e+01,-2.362203895510872273e-05,3.315924317507951830e-05,1.308146095548996302e+00
5.230000000000000426e+01,6.147593010987937798e-06,-1.943093405542065111e-05,1.308146679468402462e+00
5.240000000000000568e+01,8.570003055996706920e-07,4.414813844107016994e-05,1.308146760869276726e+00
5.250000000000000000e+01,-5.852940687652323157e-06,-8.287057831866950774e-07,1.308146204937403745e+00
5.260000000000000142e+01,-2.748191381617744872e-05,1.101096315632692918e-05,1.308143594613628391e+00
5.270000000000000284e+01,1.306724938225038019e-05,2.255256338723043291e-05,1.308144835784009308e+00
5.280000000000000426e+01,2.427720269509189670e-05,-9.046201548274478144e-05,1.308147141711299977e+00
5.290000000000000568e+01,2.703591389286970695e-05,-2.888541872100684749e-05,1.308149709678077643e+00
5.300000000000000000e+01,-2.443761791199954535e-05,7.655540912292896349e-06,1.308147388504415920e+00
5.310000000000000142e+01,-3.815459148458948471e-06,9.798427358284275690e-06,1.308147026098387400e+00
5.320000000000000284e+01,3.751678316632651999e-06,-2.660093726881192916e-05,1.308147382446168683e+00
5.330000000000000426e+01,-3.743267833412671983e-05,3.541946243424722029e-05,1.308143826954291100e+00
5.340000000000000568e+01,2.331852407298708359e-05,-8.611041587201079262e-06,1.308146041829777895e+00
5.350000000000000000e+01,1.942281525447856795e-05,1.821404467307590619e-05,1.308147886677963001e+00
5.360000000000000142e+01,-1.026594096292668748e-06,-1.912980653627494032e-05,1.308147789168450537e+00
5.370000000000000284e+01,-6.431801150495004490e-06,1.228256847754689851e-05,1.308147178253019183e+00
5.380000000000000426e+01,-2.399959865647706414e-05,3.647433397292992180e-05,1.308144898686669277e+00
5.390000000000000568e+01,6.685091402005953476e-06,3.508322816514128362e-06,1.308145533659373472e+00
5.400000000000000000e+01,1.305458000682661185e-05,4.505444336128702071e-05,1.308146773627708370e+00
5.410000000000000142e+01,7.819980069333036521e-06,-4.287597107335491819e-05,1.308147516394926990e+00
5.420000000000000284e+01,-1.361685234693016389e-05,2.486343270817481521e-06,1.308146223020071330e+00
5.430000000000000426e+01,2.204853230443424433e-05,-3.918184625723800801e-05,1.308148317264406835e+00
5.440000000000000568e+01,-2.269364094006518992e-06,1.980179543275509962e-05,1.308148101712217626e+00
5.450000000000000000e+01,8.425050437736074718e-06,-2.158916675086639675e-05,1.308148901952658427e+00
5.460000000000000142e+01,-1.713721822970792723e-05,-4.878224321264515440e-05,1.308147274199275678e+00
5.470000000000000284e+01,-5.842621499014622258e-06,2.214287985725059416e-05,1.308146719245653955e+00
5.480000000000000426e+01,-9.251631345041835125e-06,2.029216075571244060e-05,1.308145840492464851e+00
5.490000000000000568e+01,-3.537607897417523010e-05,2.200089559499344982e-05,1.308142480348202019e+00
5.500000000000000000e+01,4.076817691886784785e-05,-2.008058829764368391e-05,1.308146352650147781e+00
5.510000000000000142e+01,-1.637480233617123228e-05,4.782675356915407072e-05,1.308144797313810503e+00
5.520000000000000284e+01,3.217772754676153854e-05,-6.405508672663231401e-05,1.308147853662960491e+00
5.530000000000000426e+01,-6.479271369897246502e-06,-1.475873035139060874e-05,1.308147238238540178e+00
5.540000000000000568e+01,-1.051050761187661067e-05,-6.440628668984843541e-07,1.308146239912433284e+00
5.550000000000000000e+01,2.779898718966995579e-05,-5.047334593584907464e-05,1.308148880361225563e+00
5.560000000000000142e+01,-1.478479278454276555e-05,1.150934335359191096e-06,1.308147476045490309e+00
5.570000000000000284e+01,-1.835780822676512380e-05,1.511033513125134564e-05,1.308145732351480017e+00
5.580000000000000426e+01,-1.723437873056088768e-06,4.834311080827678742e-05,1.308145568652931523e+00
5.590000000000000568e+01,-1.183903287275576630e-06,-9.992814101005692562e-06,1.308145456201567747e+00
5.600000000000000000e+01,1.823329684823900981e-05,-4.862713617095112267e-05,1.308147188065927446e+00
5.610000000000000142e+01,-3.264061867789083173e-05,8.655760470795831329e-05,1.308144087737338923e+00
5.620000000000000284e+01,2.383477394355803386e-05,7.351197079918415922e-06,1.308146351647181183e+00
5.630000000000000426e+01,1.999989750455801428e-05,-3.233061668312612463e-05,1.308148251306971099e+00
5.640000000000000568e+01,-2.905320198402739848e-05,2.551867548046451301e-05,1.308145491730010379e+00
5.650000000000000000e+01,4.951790260268248978e-06,2.712805089491801547e-06,1.308145962068307577e+00
5.660000000000000142e+01,2.767797358159342254e-05,-1.594172656238946467e-05,1.308148591018803542e+00
5.670000000000000284e+01,-9.117738025555491982e-06,-3.730803431920611674e-05,1.308147724983717231e+00
5.680000000000000426e+01,1.695562525152994292e-05,-3.641476133826176964e-05,1.308149335491151088e+00
5.690000000000000568e+01,-4.362890392916782788e-05,2.571942615483581440e-05,1.308145191453409684e+00
5.700000000000000000e+01,1.433119989251792521e-05,2.750557018831815276e-05,1.308146552683483010e+00
5.710000000000000142e+01,1.321806177716276613e-05,1.211695593344302990e-05,1.308147808182603677e+00
5.720000000000000284e+01,-1.297029185795008609e-05,-1.686721785896464626e-05,1.308146576218053081e+00
5.730000000000000426e+01,1.222959604318864940e-05,2.634519460797176554e-05,1.308147737829316926e+00
5.740000000000000568e+01,-1.240102543355347565e-05,3.791651271643336346e-05,1.308146559936092190e+00
5.750000000000000000e+01,2.378160475752645435e-05,-8.664031787260217943e-05,1.308148818794244717e+00
5.760000000000000142e+01,-3.687000088848334245e-05,2.519887884438760245e-05,1.308145316745655817e+00
5.770000000000000284e+01,1.430697678387465865e-05,-1.740252519552218380e-05,1.308146675673798498e+00
5.780000000000000426e+01,-2.160849716560599328e-05,5.166932954040782955e-05,1.308144623219855474e+00
5.790000000000000568e+01,3.291875082008714586e-05,-1.557536775549477059e-06,1.308147749957797590e+00
5.800000000000000000e+01,-1.691101402165329226e-05,-1.488608018215126227e-05,1.308146143690430252e+00
5.810000000000000142e+01,2.460992304776764977e-05,9.801924406274871437e-06,1.308148481228371018e+00
5.820000000000000284e+01,-2.595819148877923088e-05,-3.804069467475135191e-05,1.308146015627911884e+00
5.830000000000000426e+01,-8.182218605072219542e-06,-4.320333548807862856e-06,1.308145238451099424e+00
5.840000000000000568e+01,9.135457463784477442e-06,-7.041234342737220930e-06,1.308146106170123835e+00
5.850000000000000000e+01,1.846491897689169978e-05,-6.148801240187309891e-05,1.308147860035981269e+00
5.860000000000000142e+01,-2.686034919404008126e-05,2.736527717112254010e-05,1.308145308736230472e+00
5.870000000000000284e+01,-7.268861014423765726e-07,3.883272490366740382e-05,1.308145239693849327e+00
5.880000000000000426e+01,1.236364174118714451e-05,1.194240483568670408e-05,1.308146414037679506e+00
5.890000000000000568e+01,8.954819023840538197e-06,5.077801839075465201e-05,1.308147264598820136e+00
5.900000000000000000e+01,1.183524942923548304e-05,-1.629666609508691882e-05,1.308148388751884106e+00
5.910000000000000142e+01,-1.003891237529291186e-05,-1.476295883621938504e-05,1.308147435220629262e+00
5.920000000000000284e+01,-5.172583062296046488e-06,-2.502566329684943747e-05,1.308146943910262205e+00
5.930000000000000426e+01,-1.246639084120275756e-05,-3.849645243420626167e-05,1.308145759807154418e+00
5.940000000000000568e+01,1.151444669643007443e-05,2.527181732569962896e-05,1.308146853492530237e+00
5.950000000000000000e+01,2.251018879521849911e-06,-1.179863115903685700e-05,1.308147067302588118e+00
5.960000000000000142e+01,-1.328721443990990396e-05,3.940323960051859975e-05,1.308145805233623671e+00
5.970000000000000284e+01,-1.245956416927448615e-05,2.773038634696668725e-05,1.308144621779609773e+00
5.980000000000000426e+01,5.535868437620732399e-06,-6.525749269883918124e-05,1.308145147595719537e+00
5.990000000000000568e+01,4.912534344114673907e-06,-6.298700257903813715e-07,1.308145614206403184e+00
6.000000000000000000e+01,2.284551901463559298e-05,-2.536630828272202348e-05,1.308147784158586457e+00
6.010000000000000142e+01,-1.653442315688313791e-05,-4.824647929729461437e-06,1.308146213656359746e+00
6.020000000000000284e+01,-8.752631023181949715e-06,-2.248626866248413375e-05,1.308145382298216752e+00
6.030000000000000426e+01,-1.219139454198322342e-05,6.961998146700395379e-05,1.308144224312490334e+00
6.040000000000000568e+01,3.296809163867990729e-05,-1.979727327794389424e-05,1.308147355742206752e+00
6.050000000000000000e+01,-1.608216359682505120e-05,5.673077766879964373e-05,1.308145828198491900e+00
6.060000000000000142e+01,6.535538481053588047e-06,4.000696421956398408e-05,1.308146448967062669e+00
6.070000000000000284e+01,8.370248672318796393e-06,-3.748110073202148146e-05,1.308147244001898191e+00
6.080000000000000426e+01,-1.499754542671908122e-05,-1.637585162907358172e-06,1.308145819482037897e+00
6.090000000000000568e+01,2.214029418064959558e-05,-8.632866981737007117e-06,1.308147922445586975e+00
6.100000000000000000e+01,-1.710298983204809956e-05,7.479808569436571797e-06,1.308146297942549774e+00
6.110000000000000142e+01,-1.539672918355098306e-05,4.878916897989912099e-05,1.308144835506788617e+00
6.120000000000000284e+01,1.879643922088943681e-05,-4.237838204249749774e-06,1.308146620856181830e+00
6.130000000000000426e+01,2.952393577907385346e-05,-3.747588185514395126e-05,1.308149425140419098e+00
6.140000000000000568e+01,-2.522049768824007228e-05,-4.632425487485422599e-05,1.308147029608430323e+00
6.150000000000000000e+01,-1.230499692255349747e-05,-6.761146293656969397e-06,1.308145860834732055e+00
6.160000000000000142e+01,1.141324950184501377e-05,1.396280736533361821e-05,1.308146944907229825e+00
6.170000000000000284e+01,-2.115258579926952882e-05,-2.195620073795756522e-05,1.308144935757678873e+00
6.180000000000000426e+01,1.514997834515564856e-05,6.761468693818138004e-05,1.308146374758743180e+00
6.190000000000000568e+01,3.670804223153303729e-05,-5.071436988521652034e-05,1.308149861417521986e+00
6.200000000000000000e+01,-4.033649277239447807e-05,3.160207490120886531e-07,1.308146030109422986e+00
6.210000000000000142e+01,-1.161530192452398663e-06,5.949058767594841979e-06,1.308145919783042732e+00
6.220000000000000284e+01,-1.732512156521568564e-06,1.836745080484834813e-05,1.308145755222742901e+00
6.230000000000000426e+01,-2.766676316272916741e-07,5.453416913588429726e-05,1.308145728943862274e+00
6.240000000000000568e+01,-9.484416365617906464e-06,-3.246334831248382652e-05,1.308144828081740485e+00
6.250000000000000000e+01,2.140413807647954456e-05,-1.311702476150620328e-05,1.308146861121837201e+00
6.260000000000000142e+01,-1.434135455967216685e-06,2.006954691203145097e-05,1.308146724902552460e+00
6.270000000000000284e+01,6.581980276683689277e-06,3.849017736331974276e-05,1.308147350082040417e+00
6.280000000000000426e+01,-6.794446184959059346e-06,-3.533386819787407568e-05,1.308146704722616738e+00
6.290000000000000568e+01,2.930227725202140185e-06,-2.794820756575697868e-05,1.308146983045852307e+00
6.300000000000000000e+01,-8.714158013768463426e-06,-1.699102343816118882e-05,1.308146155344029005e+00
6.310000000000000142e+01,1.954054731332938860e-07,-3.539474353049954641e-05,1.308146173904348064e+00
6.320000000000000284e+01,1.043508981649087820e-05,-4.232366371345608336e-05,1.308147165068133555e+00
6.330000000000000426e+01,-2.704660571522707856e-05,3.344075326044190083e-05,1.308144596077144950e+00
6.340000000000000568e+01,-7.855513797424716269e-06,1.011348166940848753e-04,1.308143849931052483e+00
6.350000000000000000e+01,4.619105860565906815e-05,-6.908489210941635983e-06,1.308148237316677065e+00
6.360000000000000142e+01,3.895526201908288549e-06,-2.833538999947541465e-05,1.308148607327312085e+00
6.370000000000000284e+01,-1.849399117734664734e-05,9.795992664854771825e-06,1.308146850702134767e+00
6.380000000000000426e+01,1.116310230616680832e-05,-3.382866443368912762e-05,1.308147911012994102e+00
6.390000000000000568e+01,-3.492262776625060586e-05,-5.967991066536948441e-06,1.308144593935157696e+00
6.400000000000000000e+01,5.412623898295000971e-06,5.146553207070660857e-05,1.308145108045845939e+00
6.410000000000000853e+01,-3.014128868298378977e-06,1.373299182895644510e-05,1.308144821753414844e+00
6.420000000000000284e+01,3.697425741324236216e-05,-4.511109490422122309e-05,1.308148333695721144e+00
6.429999999999999716e+01,6.726478636151630650e-06,-9.023222372561701121e-06,1.308148972600885918e+00
6.440000000000000568e+01,-1.392898901061458139e-05,2.937793957064754879e-06,1.308147649574991078e+00
6.450000000000000000e+01,-1.616556260099731579e-05,-8.824281373396962447e-06,1.308146114111554903e+00
6.460000000000000853e+01,-3.641927439797893948e-06,-3.236413684159188120e-05,1.308145768188078595e+00
6.470000000000000284e+01,3.210801054113251313e-06,3.429491295724607786e-05,1.308146073161932099e+00
6.479999999999999716e+01,-1.921763752733298379e-05,4.033056029186139757e-05,1.308144247801258597e+00
6.490000000000000568e+01,1.807310594758118096e-05,-5.769867904808437947e-05,1.308145964447898990e+00
6.500000000000000000e+01,-1.916418026578006750e-06,4.677223379671510695e-05,1.308145782419472880e+00
6.510000000000000853e+01,1.276504541332032505e-07,-1.585163625119484498e-05,1.308145794544163243e+00
6.520000000000000284e+01,-3.024489084671564028e-05,1.175972361642518837e-04,1.308142921776585199e+00
6.529999999999999716e+01,5.665147493962084495e-05,-2.067245564128360885e-05,1.308148302715403277e+00
6.540000000000000568e+01,2.133159636939600812e-06,-7.704740024218250521e-05,1.308148505329933320e+00
6.550000000000000000e+01,-3.223882256110253627e-05,-9.097658030736248402e-06,1.308145443172951339e+00
6.560000000000000853e+01,2.029526719233144642e-05,-4.606787947799076410e-05,1.308147370889440220e+00
6.570000000000000284e+01,-1.730033238280317964e-05,5.218313299983935727e-05,1.308145727639973943e+00
6.579999999999999716e+01,2.292529444290584972e-06,2.838087452089205903e-05,1.308145945392500176e+00
6.590000000000000568e+01,3.217991341154520339e-05,-4.513110300362679905e-05,1.308149001951653956e+00
6.600000000000000000e+01,-2.622468389290371835e-05,5.150920394391550472e-06,1.308146511036976989e+00
6.610000000000000853e+01,5.836834329226315426e-06,-1.485596949700896535e-05,1.308147065440329548e+00
6.620000000000000284e+01,-3.147609931293125947e-05,1.938663666503550459e-05,1.308144075726939581e+00
6.629999999999999716e+01,8.553878089749469144e-06,3.687033232064977628e-05,1.308144888204527234e+00
6.640000000000000568e+01,2.204553552306236057e-05,-7.338492893360637481e-07,1.308146982165154348e+00
6.650000000000000000e+01,2.457202708061145650e-05,-7.790934469706876919e-05,1.308149316101105297e+00
6.660000000000000853e+01,-3.641568665545724844e-05,-1.341122613611120395e-05,1.308145857204773721e+00
6.670000000000000284e+01,4.303559200196337142e-06,-2.225437113277054652e-05,1.308146265972840228e+00
6.679999999999999716e+01,6.124375938744907807e-06,9.208375239991989369e-06,1.308146847689305892e+00
6.690000000000000568e+01,-7.510036836573140070e-06,7.164785529414560705e-05,1.308146134357730528e+00
6.700000000000000000e+01,-3.952241199784312792e-06,-1.198877672312602394e-05,1.308145758959883276e+00
6.710000000000000853e+01,-8.975097211034619923e-06,7.511065827625184460e-05,1.308144906473113656e+00
6.720000000000000284e+01,1.431476848783573043e-05,-2.980139785971336330e-05,1.308146266137586666e+00
6.729999999999999716e+01,7.735663199438325491e-06,-1.304128029862034605e-05,1.308147000897473378e+00
6.740000000000000568e+01,-2.539067246363612557e-06,1.807712734760123785e-05,1.308146759728028519e+00
6.750000000000000000e+01,5.009802966378981010e-06,1.425095893968584410e-05,1.308147235576273992e+00
6.760000000000000853e+01,-5.995807747934470133e-06,-1.329354860450399772e-05,1.308146666074187170e+00
6.770000000000000284e+01,-6.789348565082930706e-06,2.098378843095466406e-05,1.308146021198660858e+00
6.779999999999999716e+01,-7.626138707900577754e-06,8.663260822259523375e-06,1.308145296842489591e+00
6.790000000000000568e+01,2.115490502636895899e-05,-4.879419225617930012e-05,1.308147306205686755e+00
6.800000000000000000e+01,1.056378177334495357e-05,-7.500821635692336842e-06,1.308148309590531078e+00
6.810000000000000853e+01,-2.595872472007320318e-05,9.313781627467987434e-06,1.308145843939842345e+00
6.820000000000000284e+01,7.284212695565783768e-06,-1.873416163024853309e-05,1.308146535819640244e+00
6.829999999999999716e+01,6.027372375262815204e-06,-1.550778277525834831e-05,1.308147108320766749e+00
6.840000000000000568e+01,-3.277806103451469909e-05,5.993752183387594801e-05,1.308143994943443467e+00
6.850000000000000000e+01,3.241289183306432162e-05,-3.793383858564838146e-05,1.308147073629610579e+00
6.860000000000000853e+01,-5.913635483949502419e-06,-4.858902536607895284e-05,1.308146511931737477e+00
6.870000000000000284e+01,-2.520720768936978926e-05,3.595474029442942421e-05,1.308144117659060468e+00
6.879999999999999716e+01,9.309250080090846965e-06,6.647150871041257458e-05,1.308145001884540859e+00
6.890000000000000568e+01,1.903048019370463632e-05,-6.197429931484484122e-05,1.308146809463067717e+00
6.900000000000000000e+01,5.389543764542899587e-06,-3.893259363433720227e-05,1.308147321381016859e+00
6.910000000000000853e+01,-1.479641131331920455e-05,-7.367115447108781023e-06,1.308145915963731865e+00
6.920000000000000284e+01,2.228831010337990574e-05,-7.266650565141384577e-06,1.308148032989551401e+00
6.929999999999999716e+01,-1.900443482285673995e-05,1.228039723192957122e-05,1.308146227877850398e+00
6.940000000000000568e+01,-1.264629374763803077e-05,-1.948404541863776873e-05,1.308145026686604151e+00
6.950000000000000000e+01,2.386217379023256729e-07,7.910928834688711608e-06,1.308145049351783218e+00
6.960000000000000853e+01,1.285963226595404976e-05,9.711634055969108059e-06,1.308146270807170719e+00
6.970000000000000284e+01,1.895848290947273543e-06,7.255543658924411277e-05,1.308146450881798595e+00
6.979999999999999716e+01,1.000235771257684814e-05,-4.963996264992654589e-05,1.308147400940217864e+00
6.990000000000000568e+01,-9.689279251332786475e-07,-1.788243552981044759e-05,1.308147308907949169e+00
7.000000000000000000e+01,-1.421941899307980865e-05,4.297165739657916872e-05,1.308145958295540590e+00
7.010000000000000853e+01,1.054354349280871121e-05,4.332723262440163481e-05,1.308146959758421879e+00
7.020000000000000284e+01,6.700434164236789003e-06,-4.312080152975295011e-05,1.308147596188383943e+00
7.029999999999999716e+01,-6.309606139811869269e-06,-4.638429071741022314e-05,1.308146996879741231e+00
7.040000000000000568e+01,-5.936428512973547858e-05,8.882585750056345292e-05,1.308141358243430696e+00
7.050000000000000000e+01,5.562324655766022648e-05,-4.946107482117420573e-07,1.308146641526723331e+00
7.060000000000000853e+01,3.390483316793955343e-06,-9.811749790515460201e-06,1.308146963566327203e+00
7.070000000000000284e+01,1.280630819929960348e-05,-4.213337878593986785e-05,1.308148179953383616e+00
7.079999999999999716e+01,-4.244057475472117272e-06,-8.546522766604211507e-06,1.308147776837682130e+00
7.090000000000000568e+01,-3.340248991683873563e-05,6.797950157657207254e-05,1.308144604149745316e+00
7.100000000000000000e+01,2.537654776432599936e-05,-4.638564710312143707e-05,1.308147014499524641e+00
7.110000000000000853e+01,2.177271053484686886e-06,-5.002641032071826477e-05,1.308147221304384322e+00
7.120000000000000284e+01,-2.503643401967044560e-05,-1.183410557240634903e-05,1.308144843252157630e+00
7.129999999999999716e+01,1.282798224437955992e-05,1.142975264330995527e-05,1.308146061701323637e+00
7.140000000000000568e+01,1.686907540451084569e-06,2.191477338787072016e-05,1.308146221929985309e+00
7.150000000000000000e+01,5.876514348634141738e-06,-1.808148049512164207e-05,1.308146780102473539e+00
7.160000000000000853e+01,6.664661697563471071e-06,4.426479543835279418e-06,1.308147413136442783e+00
7.170000000000000284e+01,2.646504567008862649e-06,-1.246088856795852379e-05,1.308147664511108310e+00
7.179999999999999716e+01,-1.648977782560357916e-05,1.476600729902362297e-05,1.308146098251250722e+00
7.190000000000000568e+01,-4.084104939828213376e-06,-3.848775781875850982e-05,1.308145710328135314e+00
7.200000000000000000e+01,-2.755184708431329156e-05,3.985566452129746251e-05,1.308143093350673913e+00
7.210000000000000853e+01,3.156143254534420593e-05,3.955069925315468637e-06,1.308146091169668956e+00
7.220000000000000284e+01,2.544465022567788878e-05,-2.597352178928223621e-05,1.308148507994787657e+00
7.229999999999999716e+01,-3.870663789441839038e-05,2.727524403454018725e-05,1.308144831495051230e+00
7.240000000000000568e+01,5.292269995974636584e-06,-1.486753274187145590e-05,1.308145334173926866e+00
7.250000000000000000e+01,9.601026214781571352e-06,2.087224669218654821e-05,1.308146246114494815e+00
7.260000000000000853e+01,1.890810196123588437e-05,-5.771047913042531841e-05,1.308148042074108064e+00
7.270000000000000284e+01,-1.166150000070885484e-05,-3.366893054233301152e-06,1.308146934420707508e+00
7.279999999999999716e+01,-1.394968678817979160e-06,2.246991084499123242e-05,1.308146801921295843e+00
7.290000000000000568e+01,-1.151876429474692383e-05,-7.787782483050127713e-06,1.308145707826273485e+00
7.300000000000000000e+01,1.147835337729323502e-05,2.415257943028450982e-07,1.308146798083196227e+00
7.310000000000000853e+01,-1.160264069569841468e-05,3.159185187280762197e-05,1.308145696021008275e+00
7.320000000000000284e+01,6.576290842453310498e-06,-2.051212231868673741e-06,1.308146320661035311e+00
7.329999999999999716e+01,3.176692826777419154e-06,7.335841595816280925e-06,1.308146622394907643e+00
7.340000000000000568e+01,-3.374663098325812738e-06,-1.183922382045916183e-05,1.308146301857174620e+00
7.350000000000000000e+01,-1.188807979008105545e-05,3.925840695069050812e-05,1.308145172683893076e+00
7.360000000000000853e+01,7.884987651592340399e-06,5.115763600778682613e-05,1.308145921627867914e+00
7.370000000000000284e+01,-8.699557753978452712e-06,-1.682225157339546640e-05,1.308145095314542372e+00
7.379999999999999716e+01,2.867225425064352795e-05,-1.059539651084451944e-05,1.308147818703640386e+00
7.390000000000000568e+01,-1.620833159370451207e-05,3.960272980760987105e-05,1.308146279180073757e+00
7.400000000000000000e+01,2.544725463743706048e-05,-6.760926368837294476e-05,1.308148696245539533e+00
7.410000000000000853e+01,-2.196333832401079454e-05,-4.314793616256445974e-05,1.308146610089439665e+00
7.420000000000000284e+01,-7.510849608527046459e-06,-1.201378247261790377e-05,1.308145896681261355e+00
7.429999999999999716e+01,2.363602223774403759e-05,-4.401592440820591146e-06,1.308148141718796786e+00
7.440000000000000568e+01,-7.810837959834138547e-06,2.674349771586079227e-06,1.308147399816125045e+00
7.450000000000000000e+01,-1.004732073915355975e-06,1.172879227336488112e-05,1.308147304382917708e+00
7.460000000000000853e+01,-2.868243891818449305e-05,1.957108924685504320e-05,1.308144580019047432e+00
7.470000000000000284e+01,1.802930176075735920e-05,2.557328843751441316e-05,1.308146292507471831e+00
7.479999999999999716e+01,2.432514914168289882e-06,1.013534241842053291e-05,1.308146523556378504e+00
7.490000000000000568e+01,2.310249003444563541e-05,-3.025656566580086498e-05,1.308148717912428705e+00
7.500000000000000000e+01,-1.899545670640614969e-05,-4.997180986418547910e-05,1.308146913655074073e+00
7.510000000000000853e+01,-1.168965221769375541e-05,5.002582729427343389e-05,1.308145803327827927e+00
7.520000000000000284e+01,7.230717856766214618e-06,-5.664044065963394492e-06,1.308146490127531925e+00
7.529999999999999716e+01,-1.426616635295547414e-05,-2.984858860115204710e-05,1.308145135075298171e+00
7.540000000000000568e+01,-1.752309685240259138e-05,3.852346355149791068e-06,1.308143470666562669e+00
7.550000000000000000e+01,2.534747361900035502e-05,3.246628621886467336e-05,1.308145878263394346e+00
7.560000000000000853e+01,-5.166166795253198177e-06,2.931233818397483565e-05,1.308145387562242634e+00
7.570000000000000284e+01,3.068408172775412800e-05,-3.907307625905520609e-05,1.308148302044453981e+00
7.579999999999999716e+01,-2.926168986932468734e-05,1.726218303323579645e-05,1.308145522662442994e+00
7.590000000000000568e+01,7.305683714203294044e-06,-1.361963412715647137e-05,1.308146216582469101e+00
7.600000000000000000e+01,-2.628269043119559056e-06,-1.212130329522175670e-05,1.308145966939938232e+00
7.610000000000000853e+01,1.296099603007570301e-05,-5.001925455040863444e-06,1.308147198022915347e+00
7.620000000000000284e+01,-1.924384802727378829e-06,7.682296736110684476e-06,1.308147015237745014e+00
7.629999999999999716e+01,-4.046032961637279976e-06,-2.608914574464028802e-05,1.308146630930709708e+00
7.640000000000000568e+01,-2.596575033900032359e-05,3.506897126265458298e-05,1.308144164606774407e+00
7.650000000000000000e+01,3.249193242523852609e-06,2.535539435235059647e-05,1.308144473226898752e+00
7.660000000000000853e+01,7.157106431794624246e-06,-2.863364298922883161e-05,1.308145153034209862e+00
7.670000000000000284e+01,-1.625136610400508032e-05,7.885995862564297576e-06,1.308143609420513220e+00
7.680000000000001137e+01,1.402342978927399210e-05,5.962426965164333709e-05,1.308144941416380602e+00
7.690000000000000568e+01,-7.080025314160727154e-06,-7.783386547725174021e-06,1.308144268931379584e+00
7.700000000000000000e+01,4.727354475047196476e-05,-1.731710196274920815e-05,1.308148759136086303e+00
7.710000000000000853e+01,-2.971443047003214516e-05,-2.444501715030949346e-05,1.308145936754952610e+00
7.720000000000000284e+01,1.076595074346944902e-05,-1.117314435551079038e-05,1.308146959343572835e+00
7.730000000000001137e+01,8.574319791161124846e-06,3.915216532202059341e-06,1.308147773763585153e+00
7.740000000000000568e+01,-6.362969249044730588e-06,1.092956969250130639e-05,1.308147169385745601e+00
7.750000000000000000e+01,6.961554957886709194e-07,5.192375450685168814e-05,1.308147235509087514e+00
7.760000000000000853e+01,-9.805879907201454568e-06,4.439626260680559072e-05,1.308146304113119163e+00
7.770000000000000284e+01,-4.375354493128249742e-06,-1.248550204218344672e-05,1.308145888527635137e+00
7.780000000000001137e+01,3.013712513859172215e-06,1.107107216563336244e-05,1.308146174780026039e+00
7.790000000000000568e+01,2.229753071582036422e-05,-8.392013786805412739e-05,1.308148292672740798e+00
7.800000000000000000e+01,-2.001986680283331273e-05,-3.313985419324018411e-05,1.308146391114755502e+00
7.810000000000000853e+01,5.472396893718917479e-06,2.989368953898018794e-05,1.308146910902967308e+00
7.820000000000000284e+01,-7.845958248299100130e-06,3.962381910640848381e-06,1.308146165665982519e+00
7.830000000000001137e+01,1.048371586953762702e-05,8.363526874811955114e-06,1.308147161446436169e+00
7.840000000000000568e+01,6.628871929208798169e-06,-5.776262188398727931e-05,1.308147791080032096e+00
7.850000000000000000e+01,-3.051843128617105078e-05,4.105339473297730385e-05,1.308144892326733588e+00
7.860000000000000853e+01,-1.668178406024354091e-06,2.477552462225134089e-06,1.308144733877222965e+00
7.870000000000000284e+01,8.578097063092343655e-06,-6.227230228505152565e-05,1.308145548655309520e+00
7.880000000000001137e+01,2.603312962170829109e-06,-3.672603183201006427e-08,1.308145795927726951e+00
7.890000000000000568e+01,4.905470402368026367e-06,3.006995811577744399e-05,1.308146261867696669e+00
7.900000000000000000e+01,-2.735189761533395221e-05,7.674915400588712411e-05,1.308143663884721253e+00
7.910000000000000853e+01,4.024710876621433349e-05,2.966948356367040546e-05,1.308147486692407657e+00
7.920000000000000284e+01,2.235708488400106261e-05,-2.441799939337675057e-05,1.308149610243045435e+00
7.930000000000001137e+01,-3.074136614004312554e-05,-3.065985936290000630e-05,1.308146690323102268e+00
7.940000000000000568e+01,-2.655727106045877028e-05,2.212371166473124651e-05,1.308144167820821657e+00
7.950000000000000000e+01,2.493394360070428674e-05,3.448197059097764944e-05,1.308146536132054560e+00
7.960000000000000853e+01,2.174609143222724569e-05,-2.624351381675868455e-05,1.308148601648221332e+00
7.970000000000000284e+01,-3.208252466751961712e-05,-3.973048974335174899e-05,1.308145554340702121e+00
7.980000000000001137e+01,6.826900711859621926e-06,-2.020696522934527922e-05,1.308146202783779355e+00
7.990000000000000568e+01,6.097742683285794010e-06,-4.053451322238305066e-05,1.308146781969273587e+00
