time_s,x_m,y_m,theta_rad
0.000000000000000000e+00,0.000000000000000000e+00,0.000000000000000000e+00,0.000000000000000000e+00
1.000000000000000056e-01,1.000000000000000056e-01,0.000000000000000000e+00,-9.673733973499559768e-02
2.000000000000000111e-01,1.995324591340466580e-01,-9.658653049230539467e-03,-1.761822273202317546e-01
3.000000000000000444e-01,2.979844606739310287e-01,-2.718587167598607301e-02,-2.580842865087719096e-01
4.000000000000000222e-01,3.946725303949317198e-01,-5.270874717282045263e-02,-3.380081352192758626e-01
5.000000000000000000e-01,4.890142360031201618e-01,-8.586960637365992355e-02,-4.086012776081380249e-01
6.000000000000000888e-01,5.807819829320065574e-01,-1.256022204783958096e-01,-4.269874437852382854e-01
7.000000000000000666e-01,6.718037299168075904e-01,-1.670152809283898809e-01,-3.606571979838508746e-01
8.000000000000000444e-01,7.653702406835592997e-01,-2.023042035945090134e-01,-2.606571979838508968e-01
9.000000000000000222e-01,7.880723454759095414e-01,-2.083594309198538441e-01,-1.606571979838508912e-01
1.000000000000000000e+00,8.867845809404675261e-01,-2.243561283206359502e-01,-1.108051647714930199e-01
1.100000000000000089e+00,9.861713194917294256e-01,-2.354139846735451291e-01,-1.118861491079901349e-01
1.200000000000000178e+00,1.085546046231802730e+00,-2.465792700102172053e-01,-1.152320876764975771e-01
1.300000000000000044e+00,1.184882858858573584e+00,-2.580769940090705261e-01,-1.169921765756892357e-01
1.400000000000000133e+00,1.284199280611058258e+00,-2.697495417293659381e-01,-1.178198483208316161e-01
1.500000000000000000e+00,1.383506006848429948e+00,-2.815042867838100649e-01,-1.175770688265448394e-01
1.600000000000000089e+00,1.482815583362775858e+00,-2.932349217835458211e-01,-1.174723336274933055e-01
1.700000000000000178e+00,1.582126388686925678e+00,-3.049551555985128282e-01,-1.160332378717428975e-01
1.800000000000000044e+00,1.681453956961022733e+00,-3.165324594810411951e-01,-1.141547178771410570e-01
1.900000000000000133e+00,1.780803098924538697e+00,-3.279231543103087176e-01,-1.120956583973932441e-01
2.000000000000000000e+00,1.880175484693297205e+00,-3.391092593797699339e-01,-1.088050525089384046e-01
2.100000000000000089e+00,1.979584141452898294e+00,-3.499683091195872620e-01,-1.057472567736997826e-01
2.200000000000000178e+00,2.079025538175925725e+00,-3.605233371997725311e-01,-1.026618260367133662e-01
2.300000000000000266e+00,2.178499028123018100e+00,-3.707714959631728258e-01,-9.964777947398800739e-02
2.400000000000000355e+00,2.278002954697780691e+00,-3.807197909083873677e-01,-9.672498336434449950e-02
2.500000000000000000e+00,2.377535533170145765e+00,-3.903772140969256066e-01,-9.404143217093947904e-02
2.600000000000000089e+00,2.477093669406370768e+00,-3.997675020621004327e-01,-9.094339585298157058e-02
2.700000000000000178e+00,2.576680419284088419e+00,-4.088493107361974577e-01,-8.759193821136956881e-02
2.800000000000000266e+00,2.676297047109882143e+00,-4.175973082566200589e-01,-8.378373424705586048e-02
2.900000000000000355e+00,2.775946266649903738e+00,-4.259658828214901161e-01,-8.025235782880406343e-02
3.000000000000000000e+00,2.875624417385653775e+00,-4.339825070342544500e-01,-7.561746613718259291e-02
3.100000000000000089e+00,2.975338653531846678e+00,-4.415370493619706349e-01,-7.071388189823848980e-02
3.200000000000000178e+00,3.075088735044400057e+00,-4.486025456675319933e-01,-6.524981259105584741e-02
3.300000000000000266e+00,3.174875933659149663e+00,-4.551228978528467639e-01,-5.854546935314246248e-02
3.400000000000000355e+00,3.274704604005508557e+00,-4.609741008811129581e-01,-5.008151512838987518e-02
3.500000000000000000e+00,3.374579222307345194e+00,-4.659801591171374713e-01,-4.093554104583252418e-02
3.600000000000000089e+00,3.474495448080791693e+00,-4.700725700434357224e-01,-2.952082010720733646e-02
3.700000000000000178e+00,3.574451877304190006e+00,-4.730242232933485891e-01,-1.445687024147662703e-02
3.800000000000000266e+00,3.674441427431335949e+00,-4.744698599596601229e-01,8.066402559758659857e-03
3.900000000000000355e+00,3.774438174106463428e+00,-4.736632284512459212e-01,3.258848856884032086e-02
4.000000000000000000e+00,3.874385078326371801e+00,-4.704049563851880333e-01,6.744568285138097252e-02
4.100000000000000533e+00,3.974157718526011518e+00,-4.636655003542289322e-01,1.088182607009059721e-01
4.200000000000000178e+00,4.073566231848527508e+00,-4.528051376067371847e-01,1.616088736727629427e-01
4.299999999999999822e+00,4.172263200139722628e+00,-4.367145052348604950e-01,2.153640195557398329e-01
4.400000000000000355e+00,4.269953066824003329e+00,-4.153441999678051388e-01,2.855724895010607334e-01
4.500000000000000000e+00,4.365903120395543624e+00,-3.871735198265915390e-01,3.592162400953997081e-01
4.600000000000000533e+00,4.459520383857342729e+00,-3.520194591518399641e-01,4.196137113327192969e-01
4.700000000000000178e+00,4.550845022399871986e+00,-3.112786884782709484e-01,4.373341819670540920e-01
4.800000000000000711e+00,4.641433414813495695e+00,-2.689260833645905069e-01,5.373341819670540698e-01
4.900000000000000355e+00,4.727341037318498529e+00,-2.177413161429073984e-01,6.373341819670540476e-01
5.000000000000000000e+00,4.807709527470081845e+00,-1.582358094783632430e-01,7.373341809537659053e-01
5.100000000000000533e+00,4.881735872182143332e+00,-9.100412139767573294e-02,8.373341805033017726e-01
5.200000000000000178e+00,4.948680424783731269e+00,-1.671800842676329779e-02,9.373341803229682245e-01
5.300000000000000711e+00,5.007874297265372476e+00,6.388028714773474892e-02,1.037334180322968313e+00
5.400000000000000355e+00,5.058726044213403661e+00,1.499854543278020258e-01,1.137334180322968402e+00
5.500000000000000000e+00,5.100727571244002334e+00,2.407371580423764423e-01,1.237334180093042191e+00
5.600000000000000533e+00,5.133459212960865159e+00,3.352286371847781887e-01,1.337334179892598174e+00
5.700000000000000178e+00,5.156593925328994743e+00,4.325157629188482455e-01,1.437334179892598263e+00
5.800000000000000711e+00,5.169900554433350948e+00,5.316264763262391613e-01,1.537334179892598351e+00
5.900000000000000355e+00,5.173246144690590853e+00,6.315704957862882107e-01,1.637334179886853924e+00
6.000000000000000000e+00,5.166597267996317022e+00,7.313492131497838500e-01,1.703358609899234155e+00
6.100000000000000533e+00,5.153379830392556649e+00,8.304718607159615740e-01,1.703551788459030547e+00
6.200000000000000178e+00,5.140143244610531070e+00,9.295919535167408432e-01,1.700643240393266975e+00
6.300000000000000711e+00,5.127195009976753148e+00,1.028750126155963951e+00,1.697714748396150108e+00
6.400000000000000355e+00,5.114537214353505945e+00,1.127945792442148543e+00,1.694807287571664434e+00
6.500000000000000000e+00,5.102167879370745673e+00,1.227177841190800311e+00,1.691288376656831627e+00
6.600000000000000533e+00,5.090147808957799391e+00,1.326452802320320812e+00,1.687892847883289082e+00
6.700000000000000178e+00,5.078464898186735965e+00,1.425768005486778289e+00,1.684835496406050570e+00
6.800000000000000711e+00,5.067085683019050713e+00,1.525118463272173042e+00,1.680778853685597873e+00
6.900000000000000355e+00,5.056109589687363126e+00,1.624514264869494351e+00,1.677103042967147628e+00
7.000000000000000000e+00,5.045498929838741375e+00,1.723949740913085282e+00,1.674017892799273710e+00
7.100000000000000533e+00,5.035195093375165243e+00,1.823417479170933886e+00,1.670514247467404179e+00
7.200000000000000178e+00,5.025239819117870432e+00,1.922920707834440357e+00,1.666508721061157328e+00
7.300000000000000711e+00,5.015683186467037480e+00,2.022463014279287208e+00,1.663137692766828435e+00
7.400000000000000355e+00,5.006462167412095710e+00,2.122036970751792762e+00,1.658039468697130037e+00
7.500000000000000000e+00,4.997748916335257974e+00,2.221656643786694030e+00,1.655120673944040277e+00
7.600000000000000533e+00,4.989326471340205238e+00,2.321301324628764373e+00,1.653378857119756296e+00
7.700000000000000178e+00,4.981077601815387723e+00,2.420960524663495317e+00,1.649502718776143961e+00
7.800000000000000711e+00,4.973215086137092733e+00,2.520650949716298328e+00,1.647390228649391108e+00
7.900000000000000355e+00,4.965563182884501714e+00,2.620357761803602692e+00,1.646445897604701836e+00
8.000000000000000000e+00,4.958005439267772374e+00,2.720071755362299282e+00,1.648485656421151191e+00
8.099999999999999645e+00,4.950244319017027550e+00,2.819770125521754878e+00,1.654488163846371984e+00
8.200000000000001066e+00,4.941884901969285870e+00,2.919420113713528497e+00,1.666682110419693164e+00
8.300000000000000711e+00,4.932311009885523845e+00,3.018960761643751045e+00,1.690957566710981075e+00
8.400000000000000355e+00,4.920323781274204222e+00,3.118239693699951687e+00,1.711329310266578752e+00
8.500000000000000000e+00,4.906316694918351651e+00,3.217253841839596173e+00,1.711857505223342013e+00
8.599999999999999645e+00,4.892257311745153103e+00,3.316260577695239409e+00,1.630712949811773838e+00
8.700000000000001066e+00,4.886269233812998714e+00,3.416081131303594365e+00,1.530712949811773749e+00
8.800000000000000711e+00,4.890276498246795889e+00,3.516000808203380235e+00,1.430712949811774104e+00
8.900000000000000355e+00,4.904239065784946838e+00,3.615021244012068369e+00,1.330712949811774015e+00
9.000000000000000000e+00,4.914692051339416778e+00,3.657720463258117505e+00,1.230712949811773926e+00
9.099999999999999645e+00,4.911881553467349448e+00,3.649777404768062006e+00,1.130712949811773838e+00
9.200000000000001066e+00,4.907964153881694713e+00,3.641458130804992255e+00,1.030712949811773749e+00
9.300000000000000711e+00,4.903876053088059628e+00,3.634639435505726990e+00,9.307129498117737709e-01
9.400000000000000355e+00,4.901607152578232984e+00,3.631592595873950113e+00,8.307129498117737931e-01
9.500000000000000000e+00,4.898231744306130508e+00,3.627896525543609751e+00,7.307129498117738153e-01
9.600000000000001421e+00,4.884527647039715426e+00,3.615614882268226360e+00,6.933367463162144473e-01
9.700000000000001066e+00,4.878255361580073668e+00,3.610402855866041261e+00,6.819124762568788967e-01
9.800000000000000711e+00,4.876292113624213442e+00,3.608809033482503370e+00,6.782682679701576012e-01
9.900000000000000355e+00,4.875767750959980162e+00,3.608386501413979097e+00,6.766284098796122581e-01
1.000000000000000000e+01,4.875429118471918066e+00,3.608114545618199553e+00,6.764135875737931070e-01
1.010000000000000142e+01,4.875412200233648186e+00,3.608100964556287593e+00,6.760417929552858807e-01
1.020000000000000107e+01,4.875328524464723756e+00,3.608033845241593873e+00,6.755277981805754006e-01
1.030000000000000071e+01,4.875349676156988110e+00,3.608050793907672915e+00,6.756018615821079987e-01
1.040000000000000036e+01,4.875317738161465186e+00,3.608025198386661359e+00,6.757056963857188681e-01
1.050000000000000000e+01,4.875323396867543124e+00,3.608029734311628545e+00,6.757724227910267834e-01
1.060000000000000142e+01,4.875332713485162728e+00,3.608037203378998026e+00,6.757985373531548712e-01
1.070000000000000107e+01,4.875334969754930192e+00,3.608039012311528015e+00,6.758062221932138458e-01
1.080000000000000071e+01,4.875335576529840509e+00,3.608039498792432465e+00,6.758093663229712833e-01
1.090000000000000036e+01,4.875335306547786018e+00,3.608039282333316944e+00,6.758064017818025127e-01
1.100000000000000000e+01,4.875334553833682527e+00,3.608038678845653990e+00,6.758031453255191057e-01
1.110000000000000142e+01,4.875335511982537007e+00,3.608039447035265912e+00,6.758070005547892611e-01
1.120000000000000107e+01,4.875336358668167946e+00,3.608040125865325631e+00,6.758067297368480775e-01
1.130000000000000071e+01,4.875333967529017265e+00,3.608038208770985023e+00,6.758095931409023871e-01
1.140000000000000036e+01,4.875335486593333378e+00,3.608039426687009943e+00,6.758082365416517856e-01
1.150000000000000000e+01,4.875334247503344542e+00,3.608038433244308063e+00,6.758173348214330245e-01
1.160000000000000142e+01,4.875336150487485476e+00,3.608039958993824570e+00,6.758125501120751943e-01
1.170000000000000107e+01,4.875334816938909910e+00,3.608038889809324967e+00,6.758201469694341545e-01
1.180000000000000071e+01,4.875335628879267524e+00,3.608039540799902856e+00,6.758147815955697357e-01
1.190000000000000036e+01,4.875336296961959803e+00,3.608040076443626898e+00,6.758154824599563737e-01
1.200000000000000000e+01,4.875336291860624449e+00,3.608040072353561278e+00,6.758097425321921703e-01
1.210000000000000142e+01,4.875333675966293967e+00,3.608037975048946411e+00,6.758088043335666040e-01
1.220000000000000107e+01,4.875334478440096930e+00,3.608038618434558309e+00,6.758096455064518393e-01
1.230000000000000071e+01,4.875333885452587168e+00,3.608038143004347109e+00,6.758083586130297915e-01
1.240000000000000036e+01,4.875337320241897920e+00,3.608040896853751178e+00,6.758031993205836363e-01
1.250000000000000000e+01,4.875333197443626254e+00,3.608037591426688451e+00,6.758035770111003870e-01
1.260000000000000142e+01,4.875333571332684635e+00,3.608037891190074120e+00,6.758101499849150651e-01
1.270000000000000107e+01,4.875334944985904251e+00,3.608038992523414645e+00,6.758088713859244923e-01
1.280000000000000071e+01,4.875333837743691667e+00,3.608038104788757305e+00,6.758137455663524307e-01
1.290000000000000036e+01,4.875334962917669657e+00,3.608039006909269375e+00,6.758108658522901102e-01
1.300000000000000000e+01,4.875332771236045915e+00,3.608037249714985961e+00,6.758189913730711096e-01
1.310000000000000142e+01,4.875336188749125554e+00,3.608039989772832357e+00,6.758178108526392558e-01
1.320000000000000107e+01,4.875336464748993848e+00,3.608040211060581370e+00,6.758178398805080311e-01
1.330000000000000071e+01,4.875336716059823772e+00,3.608040412553471299e+00,6.758121395597167513e-01
1.340000000000000036e+01,4.875334846636080854e+00,3.608038913727523056e+00,6.758102872502262937e-01
1.350000000000000000e+01,4.875335014673016332e+00,3.608039048452015063e+00,6.758127142919858610e-01
1.360000000000000142e+01,4.875337382206380354e+00,3.608040946643707336e+00,6.758085691540182127e-01
1.370000000000000107e+01,4.875335851872816484e+00,3.608039719695091296e+00,6.758057319866287438e-01
1.380000000000000071e+01,4.875337098683251824e+00,3.608040719322545886e+00,6.758040389670578740e-01
1.390000000000000036e+01,4.875334640634018335e+00,3.608038748593952683e+00,6.758050265429459413e-01
1.400000000000000000e+01,4.875335706569204675e+00,3.608039603203848866e+00,6.758007978721080056e-01
1.410000000000000142e+01,4.875335112138312610e+00,3.608039126625040005e+00,6.758063918329759723e-01
1.420000000000000107e+01,4.875334908770192044e+00,3.608038963574887514e+00,6.758049606715302859e-01
1.430000000000000071e+01,4.875333329727177478e+00,3.608037697582712866e+00,6.758106215066858047e-01
1.440000000000000036e+01,4.875333978828812143e+00,3.608038218003698283e+00,6.758165415796513198e-01
1.450000000000000000e+01,4.875335730028370840e+00,3.608039622055092988e+00,6.758150370137452345e-01
1.460000000000000142e+01,4.875335836506031306e+00,3.608039707424944620e+00,6.758100702320704034e-01
1.470000000000000107e+01,4.875336024613656782e+00,3.608039858241149478e+00,6.758044295562566361e-01
1.480000000000000071e+01,4.875333866786384363e+00,3.608038128212617490e+00,6.758054855748251155e-01
1.490000000000000036e+01,4.875334361905326652e+00,3.608038525172912347e+00,6.758142002253888503e-01
1.500000000000000000e+01,4.875335216752401557e+00,3.608039210556519105e+00,6.758140854782903606e-01
1.510000000000000142e+01,4.875337381137278214e+00,3.608040945876914929e+00,6.758035043210111059e-01
1.520000000000000107e+01,4.875335022863432677e+00,3.608039055144808049e+00,6.758041228851902060e-01
1.530000000000000071e+01,4.875334769459914064e+00,3.608038851979778361e+00,6.758033316424021386e-01
1.540000000000000036e+01,4.875336527293835154e+00,3.608040261312228214e+00,6.758062856036011201e-01
1.550000000000000000e+01,4.875335076853961169e+00,3.608039098424011382e+00,6.758064483642093334e-01
1.560000000000000142e+01,4.875334486136358336e+00,3.608038624816810369e+00,6.758039189559756910e-01
1.570000000000000107e+01,4.875334403717045184e+00,3.608038558737557189e+00,6.758065087239959468e-01
1.580000000000000071e+01,4.875333512635196875e+00,3.608037844313558118e+00,6.758099218800089902e-01
1.590000000000000036e+01,4.875335549149935943e+00,3.608039477098674563e+00,6.758066117894303559e-01
1.600000000000000000e+01,4.875334409145834158e+00,3.608038563101309215e+00,6.758074271526367527e-01
1.610000000000000142e+01,4.875334398032508787e+00,3.608038554191194347e+00,6.758056772806739776e-01
1.619999999999999929e+01,4.875335123937335702e+00,3.608039136183687212e+00,6.758081716483499424e-01
1.630000000000000071e+01,4.875333050266574375e+00,3.608037473614519985e+00,6.758183828171622221e-01
1.640000000000000213e+01,4.875336538571231060e+00,3.608040270427408380e+00,6.758151791135671438e-01
1.650000000000000000e+01,4.875335982669198209e+00,3.608039824725579603e+00,6.758120437016539306e-01
1.660000000000000142e+01,4.875336783214960334e+00,3.608040466569640170e+00,6.758101188816311167e-01
1.669999999999999929e+01,4.875333421851050453e+00,3.608037771579481578e+00,6.758145441646337126e-01
1.680000000000000071e+01,4.875336116378712781e+00,3.608039931949965418e+00,6.758117898506618149e-01
1.690000000000000213e+01,4.875335240801925707e+00,3.608039229949537408e+00,6.758111134728423952e-01
1.700000000000000000e+01,4.875332800958746660e+00,3.608037273789201027e+00,6.758163917353166017e-01
1.710000000000000142e+01,4.875337031980777169e+00,3.608040666075665204e+00,6.758082563854608260e-01
1.719999999999999929e+01,4.875334588206555075e+00,3.608038706775059890e+00,6.758030449157428343e-01
1.730000000000000071e+01,4.875334250158382510e+00,3.608038435747191741e+00,6.758084507080683867e-01
1.740000000000000213e+01,4.875333887461292370e+00,3.608038144953998216e+00,6.758062160447162459e-01
1.750000000000000000e+01,4.875334426607305538e+00,3.608038577213526832e+00,6.758093850688045023e-01
1.760000000000000142e+01,4.875335927741027753e+00,3.608039780753111270e+00,6.758107241197840453e-01
1.769999999999999929e+01,4.875336066522714340e+00,3.608039892022153694e+00,6.758094143984315627e-01
1.780000000000000071e+01,4.875337316049755287e+00,3.608040893835199103e+00,6.758089482834047645e-01
1.790000000000000213e+01,4.875336598029338830e+00,3.608040318160155469e+00,6.758093916252544409e-01
1.800000000000000000e+01,4.875334662717717649e+00,3.608038766516792784e+00,6.758083544655514308e-01
1.810000000000000142e+01,4.875334733045553648e+00,3.608038822902279286e+00,6.758057791494110900e-01
1.819999999999999929e+01,4.875334586744592080e+00,3.608038705605802310e+00,6.758072239767042300e-01
1.830000000000000071e+01,4.875336263664894254e+00,3.608040050076982919e+00,6.758014003933072722e-01
1.840000000000000213e+01,4.875334709095017871e+00,3.608038803715152731e+00,6.758043330732880216e-01
1.850000000000000000e+01,4.875333821123551736e+00,3.608038091788073221e+00,6.758106856267906970e-01
1.860000000000000142e+01,4.875335625738586032e+00,3.608039538648792899e+00,6.758140096813428643e-01
1.869999999999999929e+01,4.875334328905092995e+00,3.608038498897828905e+00,6.758200622441893346e-01
1.880000000000000071e+01,4.875337900030989324e+00,3.608041362124033480e+00,6.758167211047902967e-01
1.890000000000000213e+01,4.875333154682401471e+00,3.608037557465837430e+00,6.758165322582935230e-01
1.900000000000000000e+01,4.875334561996607086e+00,3.608038685801797651e+00,6.758174527633792339e-01
1.910000000000000142e+01,4.875335155403297094e+00,3.608039161575699261e+00,6.758168673219998590e-01
1.920000000000000284e+01,4.875335930889013625e+00,3.608039783333810036e+00,6.758187481220554460e-01
1.930000000000000071e+01,4.875337810936794192e+00,3.608041290698078996e+00,6.758122200520233491e-01
1.940000000000000213e+01,4.875335491297621004e+00,3.608039430907878931e+00,6.758079711152816804e-01
1.950000000000000000e+01,4.875336606154944796e+00,3.608040324746324856e+00,6.758030679582448519e-01
1.960000000000000142e+01,4.875334858453767239e+00,3.608038923538496423e+00,6.758075709501299988e-01
1.970000000000000284e+01,4.875335938972703786e+00,3.608039789845380874e+00,6.758086342968034899e-01
1.980000000000000071e+01,4.875333776761390681e+00,3.608038056287027562e+00,6.758126128784855968e-01
1.990000000000000213e+01,4.875335880675393696e+00,3.608039743119116682e+00,6.758092789167327030e-01
2.000000000000000000e+01,4.875335722340440547e+00,3.608039616173502218e+00,6.758072550041006599e-01
2.010000000000000142e+01,4.875335201500059057e+00,3.608039198589597429e+00,6.758112831083912253e-01
2.020000000000000284e+01,4.875335285240658401e+00,3.608039265729197975e+00,6.758120694519437199e-01
2.030000000000000071e+01,4.875333308555186207e+00,3.608037680905499034e+00,6.758129725258082976e-01
2.040000000000000213e+01,4.875336403654926265e+00,3.608040162431550790e+00,6.758095134770532031e-01
2.050000000000000000e+01,4.875337006165008980e+00,3.608040645496394028e+00,6.758044830293450378e-01
2.060000000000000142e+01,4.875333232813374273e+00,3.608037620227972919e+00,6.758092393013458432e-01
2.070000000000000284e+01,4.875333523136641034e+00,3.608037852995670036e+00,6.758127653350531894e-01
2.080000000000000071e+01,4.875334865221325309e+00,3.608038929024545816e+00,6.758122313457196606e-01
2.090000000000000213e+01,4.875336533594150090e+00,3.608040266656508788e+00,6.758123096101640304e-01
2.100000000000000000e+01,4.875335036787284970e+00,3.608039066578805798e+00,6.758103776136819008e-01
2.110000000000000142e+01,4.875333439633624089e+00,3.608037786052271212e+00,6.758107098595365070e-01
2.120000000000000284e+01,4.875334809941286984e+00,3.608038884704555471e+00,6.758110240941629376e-01
2.130000000000000071e+01,4.875334082601521679e+00,3.608038301555215099e+00,6.758154944625199834e-01
2.140000000000000213e+01,4.875335131422041002e+00,3.608039142461521465e+00,6.758138514535603214e-01
2.150000000000000000e+01,4.875334960231181292e+00,3.608039005207352101e+00,6.758089461971582557e-01
2.160000000000000142e+01,4.875335650068896243e+00,3.608039558286826765e+00,6.758132782742716227e-01
2.170000000000000284e+01,4.875334036329589615e+00,3.608038264454971777e+00,6.758148542641581047e-01
2.180000000000000071e+01,4.875335753112456594e+00,3.608039640907491741e+00,6.758088712216389071e-01
2.190000000000000213e+01,4.875334400634323551e+00,3.608038556554224119e+00,6.758103398747272728e-01
2.200000000000000000e+01,4.875334515942770786e+00,3.608038649003384446e+00,6.758111351176883108e-01
2.210000000000000142e+01,4.875334987081187954e+00,3.608039026741729938e+00,6.758107345257965415e-01
2.220000000000000284e+01,4.875334542804073301e+00,3.608038670539904569e+00,6.758137054772772601e-01
2.230000000000000071e+01,4.875336487857400591e+00,3.608040230007500959e+00,6.758087825308219942e-01
2.240000000000000213e+01,4.875336645330267338e+00,3.608040356261806192e+00,6.758058658600809565e-01
2.250000000000000000e+01,4.875335561729490230e+00,3.608039487487088692e+00,6.758014556673398454e-01
2.260000000000000142e+01,4.875332389883666018e+00,3.608036944489135145e+00,6.758082155502302957e-01
2.270000000000000284e+01,4.875335604598018513e+00,3.608039521892233203e+00,6.758072117545781410e-01
2.280000000000000071e+01,4.875336385221002544e+00,3.608040147756848004e+00,6.758070867520463709e-01
2.290000000000000213e+01,4.875333700614443266e+00,3.608037995373619022e+00,6.758106173590998633e-01
2.300000000000000000e+01,4.875335443741064090e+00,3.608039392935445733e+00,6.758155198829682853e-01
2.310000000000000142e+01,4.875335057938277927e+00,3.608039083612728515e+00,6.758171144895616100e-01
2.320000000000000284e+01,4.875336922532388151e+00,3.608040578581718005e+00,6.758156752901700592e-01
2.330000000000000071e+01,4.875336764426686287e+00,3.608040451818245842e+00,6.758136512200785262e-01
2.340000000000000213e+01,4.875335438826189360e+00,3.608039389003791619e+00,6.758136125507228087e-01
2.350000000000000000e+01,4.875335278850339016e+00,3.608039260741442877e+00,6.758196668151373876e-01
2.360000000000000142e+01,4.875337175121038591e+00,3.608040781115609885e+00,6.758135976231254283e-01
2.370000000000000284e+01,4.875334962310501119e+00,3.608039006971158980e+00,6.758178332553559375e-01
2.380000000000000071e+01,4.875336588964936269e+00,3.608040311170021663e+00,6.758140555230740532e-01
2.390000000000000213e+01,4.875336329192450968e+00,3.608040102894465306e+00,6.758113042282346550e-01
2.400000000000000000e+01,4.875334774758547596e+00,3.608038856616359258e+00,6.758161060028374800e-01
2.410000000000000142e+01,4.875336025973507681e+00,3.608039859796455584e+00,6.758093154512432310e-01
2.420000000000000284e+01,4.875335112353505806e+00,3.608039127298301008e+00,6.758111872086022265e-01
2.430000000000000071e+01,4.875336089698605768e+00,3.608039910891289281e+00,6.758086137284482486e-01
2.440000000000000213e+01,4.875334709965941649e+00,3.608038804687205836e+00,6.758169576966721603e-01
2.450000000000000000e+01,4.875337681902277787e+00,3.608041187485268253e+00,6.758169732697858478e-01
2.460000000000000142e+01,4.875336968245084002e+00,3.608040615299043186e+00,6.758131641574933735e-01
2.470000000000000284e+01,4.875335312323509918e+00,3.608039287647438087e+00,6.758147563362754129e-01
2.480000000000000071e+01,4.875336568408084936e+00,3.608040294729034869e+00,6.758082222038771514e-01
2.490000000000000213e+01,4.875334353571539658e+00,3.608038518979769016e+00,6.758067260806968068e-01
2.500000000000000000e+01,4.875336488396679435e+00,3.608040230574496299e+00,6.758064574069183594e-01
2.510000000000000142e+01,4.875336598644159025e+00,3.608040318965295867e+00,6.758031077197779179e-01
2.520000000000000284e+01,4.875333428142742065e+00,3.608037777036603888e+00,6.758071901211435417e-01
2.530000000000000071e+01,4.875334701259557590e+00,3.608038797758188920e+00,6.758107421455824548e-01
2.540000000000000213e+01,4.875334366526399954e+00,3.608038529383879478e+00,6.758135904041284725e-01
2.550000000000000000e+01,4.875335929240101507e+00,3.608039782306240006e+00,6.758155319172790554e-01
2.560000000000000142e+01,4.875336683070938371e+00,3.608040386700549274e+00,6.758163307306970236e-01
2.570000000000000284e+01,4.875336973673262797e+00,3.608040619695367379e+00,6.758128036264212657e-01
2.580000000000000071e+01,4.875339015841905876e+00,3.608042257023195809e+00,6.758076144546665276e-01
2.590000000000000213e+01,4.875333986106931583e+00,3.608038224428969709e+00,6.758102708562272465e-01
2.600000000000000000e+01,4.875334641935098468e+00,3.608038750242613446e+00,6.758164034470136583e-01
2.610000000000000142e+01,4.875336755590199189e+00,3.608040444897878452e+00,6.758093890562693051e-01
2.620000000000000284e+01,4.875333837893678357e+00,3.608038105623744052e+00,6.758105212858948052e-01
2.630000000000000071e+01,4.875335942273918199e+00,3.608039792822411940e+00,6.758094013646821496e-01
2.640000000000000213e+01,4.875336701435605491e+00,3.608040401483159076e+00,6.758072991782574368e-01
2.650000000000000000e+01,4.875334787597701336e+00,3.608038867063008137e+00,6.758118718524001034e-01
2.660000000000000142e+01,4.875336192282333947e+00,3.608039993279912760e+00,6.758094646005533557e-01
2.670000000000000284e+01,4.875334927896221693e+00,3.608038979553445547e+00,6.758094501033592438e-01
2.680000000000000071e+01,4.875336726758113137e+00,3.608040421797897856e+00,6.758070028923233163e-01
2.690000000000000213e+01,4.875334840345990628e+00,3.608038909367294433e+00,6.758129733490381152e-01
2.700000000000000000e+01,4.875334604458564591e+00,3.608038720242276565e+00,6.758163490966331288e-01
2.710000000000000142e+01,4.875336128614680575e+00,3.608039942257589505e+00,6.758173476356498233e-01
2.720000000000000284e+01,4.875337284330217180e+00,3.608040868871968065e+00,6.758114148694760459e-01
2.730000000000000071e+01,4.875337375171828747e+00,3.608040941704873550e+00,6.758044264516137600e-01
2.740000000000000213e+01,4.875335757585379071e+00,3.608039644812054636e+00,6.758055218884833071e-01
2.750000000000000000e+01,4.875334423158217412e+00,3.608038574938548404e+00,6.758120034455910030e-01
2.760000000000000142e+01,4.875336076855425027e+00,3.608039900803592825e+00,6.758113872839259795e-01
2.770000000000000284e+01,4.875334109550836459e+00,3.608038323503298894e+00,6.758122621948755571e-01
2.780000000000000071e+01,4.875334891127645953e+00,3.608038950139127898e+00,6.758169400072977506e-01
2.790000000000000213e+01,4.875336777104249286e+00,3.608040462251342451e+00,6.758150141272372124e-01
2.800000000000000000e+01,4.875337163091189474e+00,3.608040771721387152e+00,6.758084972342341956e-01
2.810000000000000142e+01,4.875335633208528918e+00,3.608039545134464898e+00,6.758037392949787225e-01
2.820000000000000284e+01,4.875334467571136088e+00,3.608038610591130180e+00,6.758120272239470649e-01
2.830000000000000071e+01,4.875336767804189897e+00,3.608040454821582088e+00,6.758117008915121016e-01
2.840000000000000213e+01,4.875335645464964784e+00,3.608039554977634289e+00,6.758115388520590239e-01
2.850000000000000000e+01,4.875334452855947909e+00,3.608038598794668150e+00,6.758115389777431536e-01
2.860000000000000142e+01,4.875334264726709499e+00,3.608038447960681072e+00,6.758076472407315016e-01
2.870000000000000284e+01,4.875334894256624807e+00,3.608038952686851708e+00,6.758095203437612941e-01
2.880000000000000071e+01,4.875334953634084201e+00,3.608039000292965426e+00,6.758081468014290882e-01
2.890000000000000213e+01,4.875337297078851329e+00,3.608040879153818992e+00,6.758069368760093454e-01
2.900000000000000000e+01,4.875335242514450940e+00,3.608039231907377964e+00,6.758079525173804614e-01
2.910000000000000142e+01,4.875335788053612340e+00,3.608039669294159868e+00,6.758037311073226139e-01
2.920000000000000284e+01,4.875334832840029442e+00,3.608038903456963542e+00,6.758030905870411331e-01
2.930000000000000071e+01,4.875335087855727778e+00,3.608039107914118304e+00,6.758067325614587340e-01
2.940000000000000213e+01,4.875335700264553651e+00,3.608039598912519796e+00,6.758102718360801120e-01
2.950000000000000000e+01,4.875337033841877776e+00,3.608040668115077398e+00,6.758099852222065884e-01
2.960000000000000142e+01,4.875336546106236568e+00,3.608040277070718727e+00,6.758033678261052835e-01
2.970000000000000284e+01,4.875334316810178592e+00,3.608038489746290267e+00,6.758065678179622227e-01
2.980000000000000071e+01,4.875334563418200595e+00,3.608038687464054206e+00,6.758093836184656533e-01
2.990000000000000213e+01,4.875334594274411515e+00,3.608038712203136988e+00,6.758113676361720001e-01
3.000000000000000000e+01,4.875335500521906340e+00,3.608039438793412490e+00,6.758090732325172656e-01
3.010000000000000142e+01,4.875335143440827856e+00,3.608039152502503288e+00,6.758166483668309743e-01
3.020000000000000284e+01,4.875335620430766070e+00,3.608039534936664516e+00,6.758141909221270227e-01
3.030000000000000071e+01,4.875336274107778145e+00,3.608040059029818725e+00,6.758105830128442459e-01
3.040000000000000213e+01,4.875335651735794862e+00,3.608039560039525195e+00,6.758082155563115423e-01
3.050000000000000000e+01,4.875336135156079109e+00,3.608039947622620147e+00,6.758062048639216224e-01
3.060000000000000142e+01,4.875334053884003538e+00,3.608038278965810974e+00,6.758105226268096288e-01
3.070000000000000284e+01,4.875334265440116610e+00,3.608038448582112423e+00,6.758110001690196267e-01
3.080000000000000071e+01,4.875334142137495164e+00,3.608038349723446725e+00,6.758111349563351578e-01
3.090000000000000213e+01,4.875334723536959736e+00,3.608038815864316629e+00,6.758137851824892461e-01
3.100000000000000000e+01,4.875336439115494969e+00,3.608040191348235393e+00,6.758106559854929474e-01
3.110000000000000142e+01,4.875333459470918562e+00,3.608037802400813288e+00,6.758134332196481520e-01
3.120000000000000284e+01,4.875337031013939004e+00,3.608040665922561008e+00,6.758148936250721883e-01
3.130000000000000071e+01,4.875335881275509209e+00,3.608039744105063562e+00,6.758076531727991165e-01
3.140000000000000213e+01,4.875334273567674792e+00,3.608038455123859123e+00,6.758044267426444041e-01
3.150000000000000000e+01,4.875335561698294740e+00,3.608039487876916418e+00,6.758060469102523671e-01
3.160000000000000142e+01,4.875336961952648096e+00,3.608040610528410408e+00,6.758061452758997723e-01
3.170000000000000284e+01,4.875334059161556155e+00,3.608038283220228237e+00,6.758116917719536598e-01
3.180000000000000071e+01,4.875335625328608202e+00,3.608039538906463672e+00,6.758136953230908794e-01
3.190000000000000213e+01,4.875335435999508249e+00,3.608039387109807539e+00,6.758108550376156209e-01
3.200000000000000000e+01,4.875334912692936840e+00,3.608038967545539766e+00,6.758103857283432880e-01
3.210000000000000142e+01,4.875336243062582398e+00,3.608040034176573485e+00,6.758119812838133678e-01
3.220000000000000284e+01,4.875336236106734944e+00,3.608040028599666993e+00,6.758070616344971082e-01
3.230000000000000426e+01,4.875334991506989013e+00,3.608039030741909237e+00,6.758103290592898382e-01
3.239999999999999858e+01,4.875334619799200908e+00,3.608038732723221287e+00,6.758178911743414341e-01
3.250000000000000000e+01,4.875336342099720888e+00,3.608040113608182331e+00,6.758093526042442400e-01
3.260000000000000142e+01,4.875336162800676831e+00,3.608039969854511586e+00,6.758070730580759689e-01
3.270000000000000284e+01,4.875334563481422023e+00,3.608038687600382044e+00,6.758060484236715348e-01
3.280000000000000426e+01,4.875334469263313153e+00,3.608038612061176931e+00,6.758069496702919787e-01
3.289999999999999858e+01,4.875333667407803162e+00,3.608037969173726101e+00,6.758108382881462539e-01
3.300000000000000000e+01,4.875335110211079126e+00,3.608039125950102122e+00,6.758119979490360141e-01
3.310000000000000142e+01,4.875335594132052641e+00,3.608039513937632226e+00,6.758058449591254346e-01
3.320000000000000284e+01,4.875332904356561414e+00,3.608037357415699642e+00,6.758082667558245049e-01
3.330000000000000426e+01,4.875334904227242028e+00,3.608038960815834972e+00,6.758137676012330175e-01
3.339999999999999858e+01,4.875335938948453851e+00,3.608039790414892423e+00,6.758152821062310966e-01
3.350000000000000000e+01,4.875336201949297177e+00,3.608040001279351205e+00,6.758118709452120010e-01
3.360000000000000142e+01,4.875335367269619802e+00,3.608039332068384120e+00,6.758146717049452468e-01
3.370000000000000284e+01,4.875336128291629656e+00,3.608039942227240893e+00,6.758161882302065049e-01
3.380000000000000426e+01,4.875335300829449992e+00,3.608039278797090521e+00,6.758149230651230299e-01
3.389999999999999858e+01,4.875335709074421153e+00,3.608039606112739328e+00,6.758164414280720678e-01
3.400000000000000000e+01,4.875332939178341540e+00,3.608037385306072320e+00,6.758154916679316448e-01
3.410000000000000142e+01,4.875335248458702253e+00,3.608039236803419314e+00,6.758128092321518121e-01
3.420000000000000284e+01,4.875335310617425755e+00,3.608039286639758370e+00,6.758091775083953090e-01
3.430000000000000426e+01,4.875334782746111983e+00,3.608038863417134756e+00,6.758068150915064187e-01
3.439999999999999858e+01,4.875333159199946031e+00,3.608037561739769306e+00,6.758110691016235849e-01
3.450000000000000000e+01,4.875333281879177250e+00,3.608037660098641908e+00,6.758144686050976402e-01
3.460000000000000142e+01,4.875334063942959872e+00,3.608038287127740773e+00,6.758148811858394334e-01
3.470000000000000284e+01,4.875335922816499412e+00,3.608039777503348144e+00,6.758064408874537854e-01
3.480000000000000426e+01,4.875333785807618447e+00,3.608038064158809011e+00,6.758121210053034122e-01
3.489999999999999858e+01,4.875334581883851826e+00,3.608038702419488875e+00,6.758120448323023943e-01
3.500000000000000000e+01,4.875336550130056068e+00,3.608040280476855877e+00,6.758081899650224544e-01
3.510000000000000142e+01,4.875337765940586543e+00,3.608041255255115765e+00,6.758025578220174800e-01
3.520000000000000284e+01,4.875335603291124364e+00,3.608039521367063962e+00,6.758018469780069371e-01
3.530000000000000426e+01,4.875333530739821342e+00,3.608037859716958451e+00,6.758046216374824500e-01
3.539999999999999858e+01,4.875333427252514618e+00,3.608037776746432446e+00,6.758074262331773552e-01
3.550000000000000000e+01,4.875334745289776173e+00,3.608038833483502739e+00,6.758095978104867729e-01
3.560000000000000142e+01,4.875336797393370780e+00,3.608040478765964121e+00,6.758069650730303968e-01
3.570000000000000284e+01,4.875334393333091931e+00,3.608038551311187891e+00,6.758069550100173073e-01
3.580000000000000426e+01,4.875335980796529967e+00,3.608039824059608769e+00,6.758113655857750368e-01
3.589999999999999858e+01,4.875336351982148209e+00,3.608040121660276434e+00,6.758139310858288784e-01
3.600000000000000000e+01,4.875333617809832099e+00,3.608037929506960673e+00,6.758207563726519318e-01
3.610000000000000142e+01,4.875335258265169891e+00,3.608039244778817878e+00,6.758187528782994002e-01
3.620000000000000284e+01,4.875335935037784729e+00,3.608039787394212272e+00,6.758064303414569318e-01
3.630000000000000426e+01,4.875336348157079058e+00,3.608040118612148905e+00,6.758043601471404038e-01
3.639999999999999858e+01,4.875334008285436838e+00,3.608038242630610348e+00,6.758082848251629748e-01
3.650000000000000000e+01,4.875335319433313330e+00,3.608039293845961559e+00,6.758057763033156196e-01
3.660000000000000142e+01,4.875334159684507007e+00,3.608038364019887201e+00,6.758094097109834664e-01
3.670000000000000284e+01,4.875334802831496894e+00,3.608038879665421472e+00,6.758086824386418945e-01
3.680000000000000426e+01,4.875333869217664429e+00,3.608038131138111559e+00,6.758121170486145468e-01
3.689999999999999858e+01,4.875334029620094434e+00,3.608038259742080367e+00,6.758111617257633874e-01
3.700000000000000000e+01,4.875336486539342928e+00,3.608040229593462378e+00,6.758106894641375817e-01
3.710000000000000142e+01,4.875335962109562438e+00,3.608039809128797959e+00,6.758093277829823053e-01
3.720000000000000284e+01,4.875334780217685626e+00,3.608038861542669284e+00,6.758102320027346011e-01
3.730000000000000426e+01,4.875334400787099121e+00,3.608038557332247542e+00,6.758097376020708591e-01
3.739999999999999858e+01,4.875334187140510700e+00,3.608038386040171464e+00,6.758140993483304770e-01
3.750000000000000000e+01,4.875335753042234543e+00,3.608039641519871665e+00,6.758138768528870743e-01
3.760000000000000142e+01,4.875336501360450825e+00,3.608040241492326494e+00,6.758127957423500920e-01
3.770000000000000284e+01,4.875336414361714610e+00,3.608040171740276580e+00,6.758122338534434670e-01
3.780000000000000426e+01,4.875336165792441889e+00,3.608039972447767418e+00,6.758123604669403761e-01
3.789999999999999858e+01,4.875335632948523568e+00,3.608039545235555590e+00,6.758137238185223383e-01
3.800000000000000000e+01,4.875334934141486443e+00,3.608038984959414996e+00,6.758133261801440028e-01
3.810000000000000142e+01,4.875335557353775329e+00,3.608039484626237581e+00,6.758144821201171881e-01
3.820000000000000284e+01,4.875334480735190823e+00,3.608038621434239701e+00,6.758127131760061079e-01
3.830000000000000426e+01,4.875334540251337501e+00,3.608038669151858890e+00,6.758169814284998855e-01
3.840000000000000568e+01,4.875335884634388606e+00,3.608039747032783406e+00,6.758167483238640694e-01
3.850000000000000000e+01,4.875335033215561609e+00,3.608039064394250595e+00,6.758173730210810248e-01
3.860000000000000142e+01,4.875336321855397337e+00,3.608040097582976724e+00,6.758146894003799199e-01
3.870000000000000284e+01,4.875334020179976413e+00,3.608038252186029471e+00,6.758186915736011935e-01
3.880000000000000426e+01,4.875335256076256840e+00,3.608039243089397718e+00,6.758127651676912873e-01
3.890000000000000568e+01,4.875335101977962715e+00,3.608039119539657502e+00,6.758142844273743455e-01
3.900000000000000000e+01,4.875335629310903585e+00,3.608039542335062855e+00,6.758158574882584535e-01
3.910000000000000142e+01,4.875336733931421307e+00,3.608040427980446108e+00,6.758123688836350507e-01
3.920000000000000284e+01,4.875335125629004729e+00,3.608039138510075627e+00,6.758126710574182683e-01
3.930000000000000426e+01,4.875337601879795812e+00,3.608041123866790656e+00,6.758152343142342922e-01
3.940000000000000568e+01,4.875336812400898445e+00,3.608040490891540664e+00,6.758168399079140798e-01
3.950000000000000000e+01,4.875336163973631898e+00,3.608039971004609381e+00,6.758135535974961750e-01
3.960000000000000142e+01,4.875337046896198956e+00,3.608040678897131315e+00,6.758085227312397025e-01
3.970000000000000284e+01,4.875335827196611405e+00,3.608039701000146149e+00,6.758066842728724932e-01
3.980000000000000426e+01,4.875335504120492658e+00,3.608039441974090877e+00,6.758031235168141526e-01
3.990000000000000568e+01,4.875335099093542901e+00,3.608039117246383043e+00,6.758091867226646565e-01
4.000000000000000000e+01,4.875335115247211526e+00,3.608039130197642219e+00,6.758147308412144616e-01
4.010000000000000142e+01,4.875336757927040132e+00,3.608040447236774195e+00,6.758169721972386856e-01
4.020000000000000284e+01,4.875337452869527688e+00,3.608041004418178321e+00,6.758149684324098461e-01
4.030000000000000426e+01,4.875336252685039895e+00,3.608040042154760929e+00,6.758114141077715686e-01
4.040000000000000568e+01,4.875334812719416711e+00,3.608038887652128768e+00,6.758078989643795387e-01
4.050000000000000000e+01,4.875335482250181762e+00,3.608039424449292820e+00,6.758118290940058337e-01
4.060000000000000142e+01,4.875335682733501486e+00,3.608039585188349996e+00,6.758121870358037020e-01
4.070000000000000284e+01,4.875335974097824376e+00,3.608039818792128539e+00,6.758155225173880787e-01
4.080000000000000426e+01,4.875337224155531501e+00,3.608040821043181356e+00,6.758122119681018170e-01
4.090000000000000568e+01,4.875334924575634332e+00,3.608038977335705333e+00,6.758109147771391712e-01
4.100000000000000000e+01,4.875334495348038644e+00,3.608038633199794010e+00,6.758134194497754654e-01
4.110000000000000142e+01,4.875336019018307709e+00,3.608039854818238634e+00,6.758117479054934762e-01
4.120000000000000284e+01,4.875334184484962918e+00,3.608038383967135942e+00,6.758104815068711746e-01
4.130000000000000426e+01,4.875334489061437182e+00,3.608038628163013239e+00,6.758136267458939583e-01
4.140000000000000568e+01,4.875334301285358052e+00,3.608038477611529515e+00,6.758136907431361307e-01
4.150000000000000000e+01,4.875335812131525337e+00,3.608039688948790680e+00,6.758096277200715818e-01
4.160000000000000142e+01,4.875335050461282904e+00,3.608039078276516598e+00,6.758053263968770707e-01
4.170000000000000284e+01,4.875334949732674339e+00,3.608038997517649005e+00,6.758092113865694639e-01
4.180000000000000426e+01,4.875336582398119845e+00,3.608040306512820372e+00,6.758113546943557148e-01
4.190000000000000568e+01,4.875337222847237584e+00,3.608040819997372139e+00,6.758107597450080384e-01
4.200000000000000000e+01,4.875336825779382544e+00,3.608040501645835452e+00,6.758105355334703690e-01
4.210000000000000142e+01,4.875335939061714363e+00,3.608039790714947070e+00,6.758099191391758742e-01
4.220000000000000284e+01,4.875336345051997533e+00,3.608040116219533466e+00,6.758082434565805263e-01
4.230000000000000426e+01,4.875336440160720208e+00,3.608040192473129792e+00,6.758081849213484205e-01
4.240000000000000568e+01,4.875333961345518219e+00,3.608038205078643479e+00,6.758121931560063800e-01
4.250000000000000000e+01,4.875335098478109863e+00,3.608039116784203859e+00,6.758125622989411552e-01
4.260000000000000142e+01,4.875336287141863068e+00,3.608040069806024874e+00,6.758156416264131661e-01
4.270000000000000284e+01,4.875335881637145263e+00,3.608039744686930561e+00,6.758126961686105050e-01
4.280000000000000426e+01,4.875335599741825732e+00,3.608039518674768242e+00,6.758080191953846905e-01
4.290000000000000568e+01,4.875334622222562864e+00,3.608038734947230708e+00,6.758112650079703965e-01
4.300000000000000000e+01,4.875334562945480066e+00,3.608038687421424306e+00,6.758169081192390015e-01
4.310000000000000142e+01,4.875336424818470960e+00,3.608040180208080372e+00,6.758109944182456585e-01
4.320000000000000284e+01,4.875334746017315091e+00,3.608038834218526336e+00,6.758112336261667963e-01
4.330000000000000426e+01,4.875334392714722576e+00,3.608038550955776191e+00,6.758171222667227473e-01
4.340000000000000568e+01,4.875334291176915080e+00,3.608038469546168248e+00,6.758158132680281982e-01
4.350000000000000000e+01,4.875335039886361521e+00,3.608039069834677814e+00,6.758138290189469322e-01
4.360000000000000142e+01,4.875336005566876629e+00,3.608039844079698355e+00,6.758145985066315031e-01
4.370000000000000284e+01,4.875335166896426209e+00,3.608039171665339939e+00,6.758121501319928059e-01
4.380000000000000426e+01,4.875337816349962772e+00,3.608041295886672550e+00,6.758074951913001227e-01
4.390000000000000568e+01,4.875335929613201280e+00,3.608039783194263883e+00,6.758052426340965813e-01
4.400000000000000000e+01,4.875333990007383100e+00,3.608038228121233093e+00,6.758131422297851687e-01
4.410000000000000142e+01,4.875334759724208489e+00,3.608038845249332383e+00,6.758089661734603126e-01
4.420000000000000284e+01,4.875335469452084958e+00,3.608039414275827639e+00,6.758081153517688788e-01
4.430000000000000426e+01,4.875335005019285184e+00,3.608039041916059730e+00,6.758107129825303705e-01
4.440000000000000568e+01,4.875334071985968798e+00,3.608038293851067557e+00,6.758116080718830077e-01
4.450000000000000000e+01,4.875334722586732283e+00,3.608038815475042238e+00,6.758123948771194156e-01
4.460000000000000142e+01,4.875335613261427170e+00,3.608039529581219540e+00,6.758115350085107664e-01
4.470000000000000284e+01,4.875335323245704622e+00,3.608039297059002948e+00,6.758087121598361779e-01
4.480000000000000426e+01,4.875336308673490215e+00,3.608040087128332019e+00,6.758043112683229658e-01
4.490000000000000568e+01,4.875334765193117370e+00,3.608038849650026414e+00,6.758053849433631743e-01
4.500000000000000000e+01,4.875335140603865192e+00,3.608039150634533065e+00,6.758065328931084359e-01
4.510000000000000142e+01,4.875335070180340402e+00,3.608039094172538430e+00,6.758134612369744998e-01
4.520000000000000284e+01,4.875335567850166640e+00,3.608039493184518332e+00,6.758154227609621811e-01
4.530000000000000426e+01,4.875335597483050343e+00,3.608039516943087222e+00,6.758188690058389847e-01
4.540000000000000568e+01,4.875337530316369516e+00,3.608041066629555260e+00,6.758110705688455955e-01
4.550000000000000000e+01,4.875334252411381186e+00,3.608038438547875426e+00,6.758107172523623030e-01
4.560000000000000142e+01,4.875333448362472843e+00,3.608037793896891721e+00,6.758138606063756049e-01
4.570000000000000284e+01,4.875334659141918436e+00,3.608038764652750086e+00,6.758209888834223467e-01
4.580000000000000426e+01,4.875336426066422035e+00,3.608040181324772444e+00,6.758198391169790709e-01
4.590000000000000568e+01,4.875335819492677025e+00,3.608039694991582724e+00,6.758100193815267387e-01
4.600000000000000000e+01,4.875333764913300172e+00,3.608038047722729846e+00,6.758064458851040790e-01
4.610000000000000142e+01,4.875332746112539972e+00,3.608037230900322800e+00,6.758075296002049592e-01
4.620000000000000284e+01,4.875333293858187034e+00,3.608037670055777468e+00,6.758101511327500033e-01
4.630000000000000426e+01,4.875333535073755442e+00,3.608037863451566629e+00,6.758185054935271774e-01
4.640000000000000568e+01,4.875338114132320655e+00,3.608041534797532979e+00,6.758161176901439360e-01
4.650000000000000000e+01,4.875336626057962697e+00,3.608040341711883592e+00,6.758082574287271882e-01
4.660000000000000142e+01,4.875336334212775569e+00,3.608040107724451939e+00,6.758081108400885162e-01
4.670000000000000284e+01,4.875338366651813082e+00,3.608041737235808899e+00,6.758079624499355731e-01
4.680000000000000426e+01,4.875336860026956209e+00,3.608040529297207755e+00,6.758070023186636410e-01
4.690000000000000568e+01,4.875335240412265847e+00,3.608039230771402650e+00,6.758066604883733453e-01
4.700000000000000000e+01,4.875334687754919294e+00,3.608038787678778725e+00,6.758111293052195823e-01
4.710000000000000142e+01,4.875337655726612596e+00,3.608041167269706140e+00,6.758094169312349742e-01
4.720000000000000284e+01,4.875335634985934696e+00,3.608039547133191860e+00,6.758087032274237016e-01
4.730000000000000426e+01,4.875335159307793376e+00,3.608039165756992794e+00,6.758087758425076474e-01
4.740000000000000568e+01,4.875333844492902635e+00,3.608038111600544884e+00,6.758155129848191223e-01
4.750000000000000000e+01,4.875337888091928029e+00,3.608041353611917579e+00,6.758104837687863853e-01
4.760000000000000142e+01,4.875336295652788365e+00,3.608040076864998280e+00,6.758091373426433623e-01
4.770000000000000284e+01,4.875333765765307525e+00,3.608038048519263352e+00,6.758098373954395388e-01
4.780000000000000426e+01,4.875334568155821557e+00,3.608038691839460022e+00,6.758108487245273466e-01
4.790000000000000568e+01,4.875335271863972864e+00,3.608039256041798204e+00,6.758104004989701208e-01
4.800000000000000000e+01,4.875335283914996154e+00,3.608039265703771203e+00,6.758141993445302420e-01
4.810000000000000142e+01,4.875338053776179237e+00,3.608041486472256754e+00,6.758105991028129367e-01
4.820000000000000284e+01,4.875333698400032389e+00,3.608037994524429415e+00,6.758145704171306667e-01
4.830000000000000426e+01,4.875335735484963351e+00,3.608039627782256620e+00,6.758163254277849141e-01
4.840000000000000568e+01,4.875335872432835060e+00,3.608039737582287465e+00,6.758136390094475754e-01
4.850000000000000000e+01,4.875335887615681152e+00,3.608039749755297620e+00,6.758107302131161065e-01
4.860000000000000142e+01,4.875336042455791663e+00,3.608039873899278049e+00,6.758082925064153867e-01
4.870000000000000284e+01,4.875334355942746889e+00,3.608038521734154180e+00,6.758087774755227040e-01
4.880000000000000426e+01,4.875336584635648229e+00,3.608040308594811840e+00,6.758060156896856796e-01
4.890000000000000568e+01,4.875334161141085865e+00,3.608038365562382666e+00,6.758075497209795612e-01
4.900000000000000000e+01,4.875333119929939230e+00,3.608037530770585199e+00,6.758119492379699444e-01
4.910000000000000142e+01,4.875335322417707395e+00,3.608039296632681747e+00,6.758126423723328502e-01
4.920000000000000284e+01,4.875336287002710378e+00,3.608040069997482835e+00,6.758112045908163390e-01
4.930000000000000426e+01,4.875335462609003301e+00,3.608039409034276002e+00,6.758096715509507302e-01
4.940000000000000568e+01,4.875334698565132463e+00,3.608038796458880704e+00,6.758138229086754212e-01
4.950000000000000000e+01,4.875335558956779280e+00,3.608039486287379471e+00,6.758179151022105646e-01
4.960000000000000142e+01,4.875335799024168359e+00,3.608039678765672331e+00,6.758156979273968190e-01
4.970000000000000284e+01,4.875336441990535619e+00,3.608040194273033574e+00,6.758140287644834876e-01
4.980000000000000426e+01,4.875335393666582640e+00,3.608039353767380053e+00,6.758162421333634429e-01
4.990000000000000568e+01,4.875336717760432315e+00,3.608040415379499599e+00,6.758123353819662782e-01
5.000000000000000000e+01,4.875334078485479061e+00,3.608038299318126807e+00,6.758134596825977614e-01
5.010000000000000142e+01,4.875336923918315080e+00,3.608040580673608666e+00,6.758170329721781000e-01
5.020000000000000284e+01,4.875336775025238545e+00,3.608040461296156298e+00,6.758127817634916878e-01
5.030000000000000426e+01,4.875336937391294256e+00,3.608040591474655834e+00,6.758090269901549929e-01
5.040000000000000568e+01,4.875333920327227233e+00,3.608038172534012933e+00,6.758135637358899661e-01
5.050000000000000000e+01,4.875336388535362886e+00,3.608040151446075150e+00,6.758089037833416857e-01
5.060000000000000142e+01,4.875333919785057368e+00,3.608038172118221976e+00,6.758151701617663987e-01
5.070000000000000284e+01,4.875337472476080514e+00,3.608041020535321941e+00,6.758043135333361429e-01
5.080000000000000426e+01,4.875333141816597049e+00,3.608037548448939980e+00,6.758070202635764190e-01
5.090000000000000568e+01,4.875336607734618077e+00,3.608040327248231982e+00,6.758118401755168758e-01
5.100000000000000000e+01,4.875336695503104778e+00,3.608040397617299444e+00,6.758098533883565295e-01
5.110000000000000142e+01,4.875337082708454339e+00,3.608040708060936907e+00,6.758130310104347727e-01
5.120000000000000284e+01,4.875336266241320438e+00,3.608040053450463081e+00,6.758161483802852532e-01
5.130000000000000426e+01,4.875336804453056061e+00,3.608040484969718076e+00,6.758130486585265384e-01
5.140000000000000568e+01,4.875336296723361329e+00,3.608040077892477715e+00,6.758062806135064493e-01
5.150000000000000000e+01,4.875335492263809023e+00,3.608039432918121125e+00,6.758086621945510464e-01
5.160000000000000142e+01,4.875335848897363711e+00,3.608039718849985533e+00,6.758071037432947792e-01
5.170000000000000284e+01,4.875334525254944928e+00,3.608038657619678347e+00,6.758094077832035307e-01
5.180000000000000426e+01,4.875336141695392200e+00,3.608039953606922090e+00,6.758147191860622849e-01
5.190000000000000568e+01,4.875338445373982310e+00,3.608041800610048089e+00,6.758083432552741687e-01
5.200000000000000000e+01,4.875334730754630641e+00,3.608038822406425705e+00,6.758072740337238704e-01
5.210000000000000142e+01,4.875334330257715898e+00,3.608038501307913037e+00,6.758103000123397708e-01
5.220000000000000284e+01,4.875337026496003645e+00,3.608040663031113038e+00,6.758123268311241327e-01
5.230000000000000426e+01,4.875335183506714465e+00,3.608039185398640214e+00,6.758156427554415924e-01
5.240000000000000568e+01,4.875335663140075937e+00,3.608039569951415171e+00,6.758136996620360826e-01
5.250000000000000000e+01,4.875335730003087065e+00,3.608039623559558429e+00,6.758181144758801384e-01
5.260000000000000142e+01,4.875335273359316268e+00,3.608039257437155811e+00,6.758180316053018499e-01
5.270000000000000284e+01,4.875333129232755525e+00,3.608037538345197248e+00,6.758191327016175309e-01
5.280000000000000426e+01,4.875334148732777706e+00,3.608038355749484616e+00,6.758213879579562100e-01
5.290000000000000568e+01,4.875336042824120142e+00,3.608039874381662848e+00,6.758123417564079194e-01
5.300000000000000000e+01,4.875338152163590344e+00,3.608041565562730035e+00,6.758094532145357825e-01
5.310000000000000142e+01,4.875336245538513857e+00,3.608040036918719551e+00,6.758102187686270135e-01
5.320000000000000284e+01,4.875335947856242136e+00,3.608039798250434860e+00,6.758111986113628511e-01
5.330000000000000426e+01,4.875336240562101686e+00,3.608040032929325847e+00,6.758085385176360038e-01
5.340000000000000568e+01,4.875333320059138664e+00,3.608037691409196501e+00,6.758120804638794166e-01
5.350000000000000000e+01,4.875335139368583981e+00,3.608039150055415423e+00,6.758112193597206607e-01
5.360000000000000142e+01,4.875336654736174502e+00,3.608040365011623951e+00,6.758130407641880222e-01
5.370000000000000284e+01,4.875336574641444543e+00,3.608040300794892907e+00,6.758111277835343600e-01
5.380000000000000426e+01,4.875336072832432421e+00,3.608039898466201212e+00,6.758123560403821450e-01
5.390000000000000568e+01,4.875334200386014061e+00,3.608038397216132509e+00,6.758160034737794586e-01
5.400000000000000000e+01,4.875334721954687645e+00,3.608038815391441556e+00,6.758163543060611289e-01
5.410000000000000142e+01,4.875335740468520029e+00,3.608039632000383357e+00,6.758208597503972959e-01
5.420000000000000284e+01,4.875336350578465705e+00,3.608040121169818981e+00,6.758165721532899406e-01
5.430000000000000426e+01,4.875335288196524175e+00,3.608039269388574333e+00,6.758168207876170674e-01
5.440000000000000568e+01,4.875337008414772022e+00,3.608040648601011924e+00,6.758129026029913167e-01
5.450000000000000000e+01,4.875336831359277312e+00,3.608040506645082690e+00,6.758148827825345428e-01
5.460000000000000142e+01,4.875337488679583942e+00,3.608041033660037922e+00,6.758127238658594438e-01
5.470000000000000284e+01,4.875336151635832671e+00,3.608039961672867779e+00,6.758078456415381741e-01
5.480000000000000426e+01,4.875335695793407531e+00,3.608039596200648624e+00,6.758100599295239208e-01
5.490000000000000568e+01,4.875334973980676168e+00,3.608039017483787081e+00,6.758120891455995372e-01
5.500000000000000000e+01,4.875332213941748982e+00,3.608036804599977110e+00,6.758142892351590714e-01
5.510000000000000142e+01,4.875335394666127087e+00,3.608039354783288299e+00,6.758122811763292992e-01
5.520000000000000284e+01,4.875334117105520448e+00,3.608038330488207990e+00,6.758170638516861617e-01
5.530000000000000426e+01,4.875336627599304862e+00,3.608040343317673759e+00,6.758106583430134595e-01
5.540000000000000568e+01,4.875336122086476820e+00,3.608039938019813153e+00,6.758091824699783423e-01
5.550000000000000000e+01,4.875335302055580300e+00,3.608039280557242989e+00,6.758091180636917050e-01
5.560000000000000142e+01,4.875337470935562578e+00,3.608041019463942067e+00,6.758040707290980942e-01
5.570000000000000284e+01,4.875336317419765031e+00,3.608040094638401030e+00,6.758041858225316556e-01
5.580000000000000426e+01,4.875334885135920615e+00,3.608038946311697082e+00,6.758056968560447464e-01
5.590000000000000568e+01,4.875334750672743134e+00,3.608038838506155255e+00,6.758105311671255278e-01
5.600000000000000000e+01,4.875334658304585567e+00,3.608038764449464697e+00,6.758095318857154643e-01
5.610000000000000142e+01,4.875336080867902488e+00,3.608039904995276270e+00,6.758046691720983601e-01
5.620000000000000284e+01,4.875333534234224331e+00,3.608037863241915222e+00,6.758133249325691816e-01
5.630000000000000426e+01,4.875335393819589136e+00,3.608039354183483649e+00,6.758140600522771768e-01
5.640000000000000568e+01,4.875336954207569740e+00,3.608040605242376131e+00,6.758108269906089038e-01
5.650000000000000000e+01,4.875334687476718720e+00,3.608038787877056119e+00,6.758133788581569545e-01
5.660000000000000142e+01,4.875335073814610176e+00,3.608039097627442349e+00,6.758136501386659001e-01
5.670000000000000284e+01,4.875337233245251589e+00,3.608040828974178549e+00,6.758120559660096838e-01
5.680000000000000426e+01,4.875336521880021756e+00,3.608040258631319386e+00,6.758083251625777166e-01
5.690000000000000568e+01,4.875337844760576189e+00,3.608041319253455725e+00,6.758046836864438633e-01
5.700000000000000000e+01,4.875334440816677883e+00,3.608038590154974745e+00,6.758072556290593003e-01
5.710000000000000142e+01,4.875335558940110836e+00,3.608039486610714164e+00,6.758100061860781160e-01
5.720000000000000284e+01,4.875336590213984245e+00,3.608040313439457414e+00,6.758112178816714222e-01
5.730000000000000426e+01,4.875335578272116166e+00,3.608039502108227214e+00,6.758095311598855126e-01
5.740000000000000568e+01,4.875336532426204350e+00,3.608040267105070420e+00,6.758121656793463217e-01
5.750000000000000000e+01,4.875335564899224927e+00,3.608039491382270647e+00,6.758159573306179446e-01
5.760000000000000142e+01,4.875337420332422234e+00,3.608040979002820059e+00,6.758072932988307135e-01
5.770000000000000284e+01,4.875334543726762782e+00,3.608038672683341996e+00,6.758098131867151803e-01
5.780000000000000426e+01,4.875335659958014212e+00,3.608039567626714295e+00,6.758080729341956472e-01
5.790000000000000568e+01,4.875333974059318898e+00,3.608038215954754158e+00,6.758132398671496954e-01
5.800000000000000000e+01,4.875336542375324989e+00,3.608040275127997631e+00,6.758130841134721845e-01
5.810000000000000142e+01,4.875335222980380578e+00,3.608039217290140321e+00,6.758115955054539992e-01
5.820000000000000284e+01,4.875337143045420873e+00,3.608040756716451192e+00,6.758125756978946574e-01
5.830000000000000426e+01,4.875335117790132067e+00,3.608039132949821148e+00,6.758087716284272295e-01
5.840000000000000568e+01,4.875334479412375188e+00,3.608038621128706769e+00,6.758083395950723604e-01
5.850000000000000000e+01,4.875335192162197906e+00,3.608039192577322751e+00,6.758076354716381351e-01
5.860000000000000142e+01,4.875336632798883407e+00,3.608040347609041021e+00,6.758014866703979662e-01
5.870000000000000284e+01,4.875334537138716229e+00,3.608038667432844182e+00,6.758042231981150616e-01
5.880000000000000426e+01,4.875334480426761097e+00,3.608038621964302806e+00,6.758081064706054075e-01
5.890000000000000568e+01,4.875335445040207105e+00,3.608039395344720734e+00,6.758093007110890227e-01
5.900000000000000000e+01,4.875336143696052282e+00,3.608039955494564577e+00,6.758143785129281378e-01
5.910000000000000142e+01,4.875337067079596132e+00,3.608040695828354849e+00,6.758127488463185895e-01
5.920000000000000284e+01,4.875336283844848850e+00,3.608040067862633649e+00,6.758112725504349383e-01
5.930000000000000426e+01,4.875335880280056600e+00,3.608039744301798635e+00,6.758087699841052176e-01
5.940000000000000568e+01,4.875334907650625382e+00,3.608038964493491818e+00,6.758049203388617476e-01
5.950000000000000000e+01,4.875335806012023987e+00,3.608039684751518816e+00,6.758074475205942955e-01
5.960000000000000142e+01,4.875335981636995442e+00,3.608039825558938318e+00,6.758062676574784211e-01
5.970000000000000284e+01,4.875334944964721196e+00,3.608038994408367728e+00,6.758102079814384266e-01
5.980000000000000426e+01,4.875333972869028365e+00,3.608038215025690665e+00,6.758129810200731447e-01
5.990000000000000568e+01,4.875334404776744179e+00,3.608038561311871284e+00,6.758064552708032968e-01
6.000000000000000000e+01,4.875334788054022539e+00,3.608038868604020344e+00,6.758063922838006832e-01
6.010000000000000142e+01,4.875336570467778685e+00,3.608040297652162831e+00,6.758038556529724072e-01
6.020000000000000284e+01,4.875335280444855535e+00,3.608039263383170159e+00,6.758033731881794015e-01
6.030000000000000426e+01,4.875334597560492256e+00,3.608038715884818615e+00,6.758011245613131379e-01
6.040000000000000568e+01,4.875333646380477504e+00,3.608037953285586852e+00,6.758080865594597864e-01
6.050000000000000000e+01,4.875336218556674872e+00,3.608040015532001377e+00,6.758061068321319365e-01
6.060000000000000142e+01,4.875334963821504886e+00,3.608039009550136011e+00,6.758117799098988243e-01
6.070000000000000284e+01,4.875335473723835022e+00,3.608039418368245155e+00,6.758157806063207484e-01
6.080000000000000426e+01,4.875336126768051948e+00,3.608039941955753616e+00,6.758120324962475500e-01
6.090000000000000568e+01,4.875334956660672070e+00,3.608039003812689938e+00,6.758118687377312472e-01
6.100000000000000000e+01,4.875336684045005420e+00,3.608040388756597938e+00,6.758110054510331199e-01
6.110000000000000142e+01,4.875335349669910556e+00,3.608039318912815485e+00,6.758117534318900388e-01
6.120000000000000284e+01,4.875334148417975300e+00,3.608038355799902508e+00,6.758166323487880822e-01
6.130000000000000426e+01,4.875335614909357851e+00,3.608039531582321935e+00,6.758162085649676021e-01
6.140000000000000568e+01,4.875337918356921207e+00,3.608041378405855149e+00,6.758124609767820479e-01
6.150000000000000000e+01,4.875335950656241479e+00,3.608039800784521578e+00,6.758078285512945094e-01
6.160000000000000142e+01,4.875334990618060083e+00,3.608039031072768132e+00,6.758071524366651150e-01
6.170000000000000284e+01,4.875335881082421885e+00,3.608039745002639798e+00,6.758085487174017025e-01
6.180000000000000426e+01,4.875334230754639897e+00,3.608038421848426047e+00,6.758063530973279498e-01
6.190000000000000568e+01,4.875335412760207099e+00,3.608039369519929540e+00,6.758131145660217776e-01
6.200000000000000000e+01,4.875338276716449037e+00,3.608041665725122193e+00,6.758080431290333090e-01
6.210000000000000142e+01,4.875335129656214406e+00,3.608039142564728241e+00,6.758080747311081549e-01
6.220000000000000284e+01,4.875335039033427798e+00,3.608039069907764684e+00,6.758086696369849378e-01
6.230000000000000426e+01,4.875334903862593272e+00,3.608038961534200784e+00,6.758105063820654124e-01
6.240000000000000568e+01,4.875334882276979087e+00,3.608038944227813793e+00,6.758159597989790157e-01
6.250000000000000000e+01,4.875334142305849383e+00,3.608038350945196093e+00,6.758127134641477296e-01
6.260000000000000142e+01,4.875335812254199652e+00,3.608039689841672892e+00,6.758114017616715374e-01
6.270000000000000284e+01,4.875335700363001123e+00,3.608039600132114888e+00,6.758134087163627512e-01
6.280000000000000426e+01,4.875336213888046721e+00,3.608040011856138207e+00,6.758172577340990639e-01
6.290000000000000568e+01,4.875335683788081020e+00,3.608039586839649093e+00,6.758137243472792655e-01
6.300000000000000000e+01,4.875335912403920169e+00,3.608039770134884527e+00,6.758109295265226635e-01
6.310000000000000142e+01,4.875335232525358720e+00,3.608039225037975584e+00,6.758092304241788417e-01
6.320000000000000284e+01,4.875335247770913760e+00,3.608039237261152277e+00,6.758056909498257880e-01
6.330000000000000426e+01,4.875336061919985475e+00,3.608039890003279293e+00,6.758014585834544175e-01
6.340000000000000568e+01,4.875333951727927939e+00,3.608038198176370948e+00,6.758048026587805124e-01
6.350000000000000000e+01,4.875333338837772423e+00,3.608037706794006816e+00,6.758149161404499727e-01
6.360000000000000142e+01,4.875336942652400474e+00,3.608040596198630379e+00,6.758142252915289028e-01
6.370000000000000284e+01,4.875337246580531136e+00,3.608040839876564210e+00,6.758113917525289116e-01
6.380000000000000426e+01,4.875335803679972990e+00,3.608039683020879629e+00,6.758123713517953934e-01
6.390000000000000568e+01,4.875336674624148436e+00,3.608040381307907829e+00,6.758089884853519802e-01
6.400000000000000000e+01,4.875333949956675461e+00,3.608038196797330066e+00,6.758083916862452911e-01
6.410000000000000853e+01,4.875334372250422099e+00,3.608038535372234623e+00,6.758135382394523383e-01
6.420000000000000284e+01,4.875334137088596087e+00,3.608038346828755127e+00,6.758149115386352657e-01
6.429999999999999716e+01,4.875337021810753235e+00,3.608040659691740704e+00,6.758104004291448641e-01
6.440000000000000568e+01,4.875337546610802875e+00,3.608041080453022076e+00,6.758094981069076024e-01
6.450000000000000000e+01,4.875336459869907380e+00,3.608040209154236067e+00,6.758097918863033016e-01
6.460000000000000853e+01,4.875335198631648659e+00,3.608039197950895005e+00,6.758089094581659628e-01
6.470000000000000284e+01,4.875334914488028915e+00,3.608038970137905643e+00,6.758056730444818028e-01
6.479999999999999716e+01,4.875335164995766135e+00,3.608039170981894639e+00,6.758091025357775283e-01
6.490000000000000568e+01,4.875333665633592162e+00,3.608037968863351264e+00,6.758131355918066685e-01
6.500000000000000000e+01,4.875335075694728459e+00,3.608039099393836935e+00,6.758073657239018761e-01
6.510000000000000853e+01,4.875334926175376893e+00,3.608038979516632772e+00,6.758120429472815882e-01
6.520000000000000284e+01,4.875334936134655628e+00,3.608038987501565487e+00,6.758104577836564486e-01
6.529999999999999716e+01,4.875332576427540587e+00,3.608037095593387811e+00,6.758222175072728932e-01
6.540000000000000568e+01,4.875336996335311923e+00,3.608040639364178848e+00,6.758201502617087186e-01
6.550000000000000000e+01,4.875337162763185184e+00,3.608040772801293095e+00,6.758124455216845128e-01
6.560000000000000853e+01,4.875334647493478002e+00,3.608038756161736860e+00,6.758115357558814873e-01
6.570000000000000284e+01,4.875336230929346648e+00,3.608040025692970776e+00,6.758069289679337066e-01
6.579999999999999716e+01,4.875334881153176703e+00,3.608038943510316621e+00,6.758121472812337327e-01
6.590000000000000568e+01,4.875335060016136701e+00,3.608039086915176608e+00,6.758149853686857833e-01
6.600000000000000000e+01,4.875337570684645350e+00,3.608041099876157176e+00,6.758104722583854196e-01
6.610000000000000853e+01,4.875335524634197171e+00,3.608039459443891595e+00,6.758109873504248855e-01
6.620000000000000284e+01,4.875335980023959515e+00,3.608039824555537844e+00,6.758095017534752058e-01
6.629999999999999716e+01,4.875333524256047824e+00,3.608037855633944524e+00,6.758114404171416956e-01
6.640000000000000568e+01,4.875334191629297820e+00,3.608038390705200715e+00,6.758151274503737538e-01
6.650000000000000000e+01,4.875335911616073048e+00,3.608039769727266588e+00,6.758150540654448424e-01
6.660000000000000853e+01,4.875337828719155553e+00,3.608041306789698588e+00,6.758072631309751666e-01
6.670000000000000284e+01,4.875334987559124755e+00,3.608039028888905264e+00,6.758059220083615370e-01
6.679999999999999716e+01,4.875335323324138770e+00,3.608039298087852842e+00,6.758036965712482802e-01
6.690000000000000568e+01,4.875335801150687765e+00,3.608039681182613201e+00,6.758046174087722902e-01
6.700000000000000000e+01,4.875335215214688489e+00,3.608039211410820180e+00,6.758117821943017134e-01
6.710000000000000853e+01,4.875334906861062301e+00,3.608038964185930730e+00,6.758105833166293541e-01
6.720000000000000284e+01,4.875334206623831435e+00,3.608038402766729380e+00,6.758180943824569908e-01
6.729999999999999716e+01,4.875335323455576741e+00,3.608039298206744405e+00,6.758151142426710445e-01
6.740000000000000568e+01,4.875335926989953883e+00,3.608039782098372061e+00,6.758138101146411447e-01
6.750000000000000000e+01,4.875335728892398635e+00,3.608039623271474650e+00,6.758156178273758696e-01
6.760000000000000853e+01,4.875336119755730557e+00,3.608039936651616930e+00,6.758170429232698284e-01
6.770000000000000284e+01,4.875335651965134964e+00,3.608039561592869315e+00,6.758157135684094152e-01
6.779999999999999716e+01,4.875335122262227650e+00,3.608039136896072030e+00,6.758178119472525447e-01
6.790000000000000568e+01,4.875334527274209684e+00,3.608038659853962660e+00,6.758186782733347497e-01
6.800000000000000000e+01,4.875336177769533208e+00,3.608039983169969211e+00,6.758137988541090824e-01
6.810000000000000853e+01,4.875337001953835347e+00,3.608040643968796868e+00,6.758130487719454793e-01
6.820000000000000284e+01,4.875334976657711650e+00,3.608039020167853383e+00,6.758139801501081845e-01
6.829999999999999716e+01,4.875335544970557322e+00,3.608039475819096342e+00,6.758121067339452059e-01
6.840000000000000568e+01,4.875336015225673947e+00,3.608039852850000617e+00,6.758105559556676356e-01
6.850000000000000000e+01,4.875333457880760335e+00,3.608037802484217238e+00,6.758165497078509887e-01
6.860000000000000853e+01,4.875335986723013271e+00,3.608039830022731653e+00,6.758127563239924029e-01
6.870000000000000284e+01,4.875335525341879972e+00,3.608039460106124530e+00,6.758078974214557499e-01
6.879999999999999716e+01,4.875333558670889467e+00,3.608037883325097006e+00,6.758114928954851441e-01
6.890000000000000568e+01,4.875334284978203314e+00,3.608038465647221305e+00,6.758181400463562083e-01
6.900000000000000000e+01,4.875335769727583646e+00,3.608039656071953427e+00,6.758119426164247434e-01
6.910000000000000853e+01,4.875336190219417887e+00,3.608039993204623652e+00,6.758080493570612912e-01
6.920000000000000284e+01,4.875335035800819838e+00,3.608039067647721865e+00,6.758073126455166335e-01
6.929999999999999716e+01,4.875336774739698065e+00,3.608040461842560997e+00,6.758065859804601727e-01
6.940000000000000568e+01,4.875335292008630361e+00,3.608039273064191477e+00,6.758078140201834172e-01
6.950000000000000000e+01,4.875334305342394536e+00,3.608038482003387504e+00,6.758058656156415989e-01
6.960000000000000853e+01,4.875334323959736871e+00,3.608038496929803607e+00,6.758066567085250220e-01
6.970000000000000284e+01,4.875335327271614894e+00,3.608039301334363014e+00,6.758076278719306051e-01
6.979999999999999716e+01,4.875335475186079570e+00,3.608039419924912394e+00,6.758148834155894846e-01
6.990000000000000568e+01,4.875336255567501276e+00,3.608040045605689361e+00,6.758099194193244452e-01
7.000000000000000000e+01,4.875336179971688111e+00,3.608039984996397109e+00,6.758081311757714316e-01
7.010000000000000853e+01,4.875335070570204543e+00,3.608039095531887508e+00,6.758124283415111178e-01
7.020000000000000284e+01,4.875335893176423241e+00,3.608039755063617626e+00,6.758167610647735080e-01
7.029999999999999716e+01,4.875336415941816881e+00,3.608040174199064865e+00,6.758124489846205618e-01
7.040000000000000568e+01,4.875335923666979099e+00,3.608039779513391832e+00,6.758078105555488380e-01
7.050000000000000000e+01,4.875331292054187138e+00,3.608036066112466411e+00,6.758166931412988854e-01
7.060000000000000853e+01,4.875335631759533328e+00,3.608039545539586168e+00,6.758166436802240939e-01
7.070000000000000284e+01,4.875335896283811365e+00,3.608039757626071431e+00,6.758156625052450517e-01
7.079999999999999716e+01,4.875336895428117323e+00,3.608040558704065592e+00,6.758114491673664626e-01
7.090000000000000568e+01,4.875336564306913978e+00,3.608040293225277306e+00,6.758105945150898464e-01
7.100000000000000000e+01,4.875333958244127963e+00,3.608038203799498689e+00,6.758173924652475240e-01
7.110000000000000853e+01,4.875335938111990508e+00,3.608039791192018342e+00,6.758127539005371887e-01
7.120000000000000284e+01,4.875336107982418454e+00,3.608039927387209911e+00,6.758077512595050962e-01
7.129999999999999716e+01,4.875334154634991535e+00,3.608038361288836260e+00,6.758065678489478811e-01
7.140000000000000568e+01,4.875335155477597660e+00,3.608039163713513187e+00,6.758077108242122044e-01
7.150000000000000000e+01,4.875335287090454273e+00,3.608039269234252444e+00,6.758099023015510243e-01
7.160000000000000853e+01,4.875335745576450108e+00,3.608039636827506502e+00,6.758080941535015151e-01
7.170000000000000284e+01,4.875336265554502724e+00,3.608040053720754869e+00,6.758085368014559169e-01
7.179999999999999716e+01,4.875336472035170843e+00,3.608040219267116377e+00,6.758072907125991513e-01
7.190000000000000568e+01,4.875335185499038992e+00,3.608039187786379998e+00,6.758087673133290618e-01
7.200000000000000000e+01,4.875334866856641192e+00,3.608038932313966995e+00,6.758049185375472057e-01
7.210000000000000853e+01,4.875332717251319004e+00,3.608037208875620294e+00,6.758089041039992972e-01
7.220000000000000284e+01,4.875335179678116582e+00,3.608039183133584071e+00,6.758092996109917872e-01
7.229999999999999716e+01,4.875337164872186158e+00,3.608040774770087111e+00,6.758067022588128969e-01
7.240000000000000568e+01,4.875334144970268291e+00,3.608038353565721668e+00,6.758094297832163422e-01
7.250000000000000000e+01,4.875334557873642005e+00,3.608038684612578262e+00,6.758079430299421819e-01
7.260000000000000853e+01,4.875335306947449432e+00,3.608039285183535227e+00,6.758100302546113936e-01
7.270000000000000284e+01,4.875336782158527171e+00,3.608040467941106666e+00,6.758042592066983989e-01
7.279999999999999716e+01,4.875335872323493192e+00,3.608039738485121717e+00,6.758039225173929632e-01
7.290000000000000568e+01,4.875335763487433027e+00,3.608039651226379263e+00,6.758061695084774945e-01
7.300000000000000000e+01,4.875334864790074718e+00,3.608038930697152757e+00,6.758053907302291607e-01
7.310000000000000853e+01,4.875335760335120838e+00,3.608039648697871637e+00,6.758054148828085417e-01
7.320000000000000284e+01,4.875334855093153230e+00,3.608038922922637060e+00,6.758085740679957709e-01
7.329999999999999716e+01,4.875335368176298978e+00,3.608039334288287492e+00,6.758083689467725419e-01
7.340000000000000568e+01,4.875335616022365315e+00,3.608039532999385735e+00,6.758091025309320710e-01
7.350000000000000000e+01,4.875335352730783001e+00,3.608039321904495278e+00,6.758079186085500512e-01
7.360000000000000853e+01,4.875334425220621881e+00,3.608038578271983710e+00,6.758118444492451360e-01
7.370000000000000284e+01,4.875335040406865161e+00,3.608039071502344264e+00,6.758169602128458742e-01
7.379999999999999716e+01,4.875334361670697447e+00,3.608038527314632482e+00,6.758152779876885896e-01
7.390000000000000568e+01,4.875336598672022070e+00,3.608040320860480765e+00,6.758142184480374626e-01
7.400000000000000000e+01,4.875335334101412066e+00,3.608039306976215777e+00,6.758181787210182367e-01
7.410000000000000853e+01,4.875337319484543741e+00,3.608040898793260620e+00,6.758114177946493717e-01
7.420000000000000284e+01,4.875335605905675607e+00,3.608039524919261609e+00,6.758071030010330826e-01
7.429999999999999716e+01,4.875335019907431011e+00,3.608039055095170866e+00,6.758059016227858651e-01
7.440000000000000568e+01,4.875336863997193682e+00,3.608040533590493038e+00,6.758054614635418123e-01
7.450000000000000000e+01,4.875336254592985696e+00,3.608040045002314677e+00,6.758057288985189759e-01
7.460000000000000853e+01,4.875336176203467708e+00,3.608039982153695924e+00,6.758069017777462717e-01
7.470000000000000284e+01,4.875333938392509836e+00,3.608038187989506707e+00,6.758088588866709712e-01
7.479999999999999716e+01,4.875335345040872959e+00,3.608039315773885036e+00,6.758114162155147708e-01
7.490000000000000568e+01,4.875335534825599559e+00,3.608039467935133970e+00,6.758124297497566380e-01
7.500000000000000000e+01,4.875337337279581185e+00,3.608040913068381261e+00,6.758094040931900137e-01
7.510000000000000853e+01,4.875335855252337147e+00,3.608039724847440510e+00,6.758044069122035591e-01
7.520000000000000284e+01,4.875334943220964057e+00,3.608038993630329205e+00,6.758094094949329556e-01
7.529999999999999716e+01,4.875335507362220433e+00,3.608039445932717193e+00,6.758088430905263566e-01
7.540000000000000568e+01,4.875334394314135622e+00,3.608038553543236659e+00,6.758058582316662788e-01
7.550000000000000000e+01,4.875333027156653287e+00,3.608037457427525574e+00,6.758062434663018037e-01
7.560000000000000853e+01,4.875335004773840630e+00,3.608039042979306554e+00,6.758094900949236372e-01
7.570000000000000284e+01,4.875334601709069737e+00,3.608038719820546802e+00,6.758124213287420856e-01
7.579999999999999716e+01,4.875336995678099861e+00,3.608040639206125277e+00,6.758085140211161912e-01
7.590000000000000568e+01,4.875334712676790971e+00,3.608038808804540309e+00,6.758102402394194907e-01
7.600000000000000000e+01,4.875335282666510395e+00,3.608039265796733730e+00,6.758088782760067748e-01
7.610000000000000853e+01,4.875335077608636603e+00,3.608039101390986048e+00,6.758076661456772216e-01
7.620000000000000284e+01,4.875336088828123415e+00,3.608039912137142480e+00,6.758071659531317277e-01
7.629999999999999716e+01,4.875335938687178405e+00,3.608039791761624482e+00,6.758079341828053810e-01
7.640000000000000568e+01,4.875335623014950492e+00,3.608039538670985369e+00,6.758053252682308942e-01
7.650000000000000000e+01,4.875333597158144627e+00,3.608037914446213801e+00,6.758088321653571429e-01
7.660000000000000853e+01,4.875333850660610757e+00,3.608038117692534907e+00,6.758113677047923318e-01
7.670000000000000284e+01,4.875334409057820118e+00,3.608038565391407992e+00,6.758085043404934433e-01
7.680000000000001137e+01,4.875333141123857850e+00,3.608037548822438545e+00,6.758092929400797422e-01
7.690000000000000568e+01,4.875334235233211189e+00,3.608038426028545409e+00,6.758152553670448981e-01
7.700000000000000000e+01,4.875333682851589856e+00,3.608037983149184225e+00,6.758144770283901481e-01
7.710000000000000853e+01,4.875337371122809849e+00,3.608040940265303753e+00,6.758127453181939082e-01
7.720000000000000284e+01,4.875335052806478053e+00,3.608039081533702230e+00,6.758103008164788594e-01
7.730000000000001137e+01,4.875335892766321066e+00,3.608039754975916669e+00,6.758091835020433313e-01
7.740000000000000568e+01,4.875336561735641894e+00,3.608040291324354332e+00,6.758095750236965404e-01
7.750000000000000000e+01,4.875336065296275834e+00,3.608039893302077861e+00,6.758106679806658024e-01
7.760000000000000853e+01,4.875336119610334862e+00,3.608039936848693063e+00,6.758158603561165156e-01
7.770000000000000284e+01,4.875335354558661294e+00,3.608039323457509440e+00,6.758202999823772483e-01
7.780000000000001137e+01,4.875335013196091971e+00,3.608039049762669315e+00,6.758190514321730236e-01
7.790000000000000568e+01,4.875335248324395465e+00,3.608039238281401051e+00,6.758201585393895927e-01
7.800000000000000000e+01,4.875336987964750790e+00,3.608040633075362269e+00,6.758117665256028195e-01
7.810000000000000853e+01,4.875335426015897866e+00,3.608039380770907467e+00,6.758084525401835130e-01
7.820000000000000284e+01,4.875335852973122108e+00,3.608039723084807360e+00,6.758114419091374447e-01
7.830000000000001137e+01,4.875335240831752515e+00,3.608039232296103016e+00,6.758118381473284808e-01
7.840000000000000568e+01,4.875336058770613157e+00,3.608039888084944469e+00,6.758126745000159197e-01
7.850000000000000000e+01,4.875336575954442253e+00,3.608040302741811534e+00,6.758068982378274692e-01
7.860000000000000853e+01,4.875334194898900186e+00,3.608038393731338722e+00,6.758110035773007285e-01
7.870000000000000284e+01,4.875334064747637974e+00,3.608038289381730213e+00,6.758112513325469362e-01
7.880000000000001137e+01,4.875334734010552395e+00,3.608038825967831098e+00,6.758050241023184634e-01
7.890000000000000568e+01,4.875334937121977852e+00,3.608038988811721914e+00,6.758050204297152419e-01
7.900000000000000000e+01,4.875335319848566051e+00,3.608039295661453316e+00,6.758080274255268138e-01
7.910000000000000853e+01,4.875333185848694129e+00,3.608037584723821745e+00,6.758157023409273600e-01
7.920000000000000284e+01,4.875336325915889724e+00,3.608040102317046749e+00,6.758186692892836911e-01
7.930000000000001137e+01,4.875338070204708885e+00,3.608041500833746529e+00,6.758162274893443344e-01
7.940000000000000568e+01,4.875335671773673774e+00,3.608039577855719493e+00,6.758131615034080886e-01
7.950000000000000000e+01,4.875333599779234639e+00,3.608037916613561880e+00,6.758153738745745764e-01
7.960000000000000853e+01,4.875335545118449687e+00,3.608039476315703986e+00,6.758188220716336847e-01
7.970000000000000284e+01,4.875337241737651262e+00,3.608040836612807833e+00,6.758161977202520321e-01
7.980000000000001137e+01,4.875334738669820034e+00,3.608038829740783271e+00,6.758122246712776615e-01
7.990000000000000568e+01,4.875335271304024332e+00,3.608039256784736359e+00,6.758102039747547751e-01
8.000000000000000000e+01,4.875335747050153046e+00,3.608039638216617107e+00,6.758061505234325139e-01
